RequestId,prompt_len,output_len,app,inputmeanapp,input99app,outputmeanapp,output99app,sysmeanapp,sys99app,llmcalls,syslen,llmcalls_made
1,200,100,1,200,200,200,200,200,200,4,100,1
2,200,100,1,200,200,200,200,200,200,4,100,2
3,200,100,1,200,200,200,200,200,200,4,100,3
4,200,100,1,200,200,200,200,200,200,4,100,4
5,200,100,1,200,200,200,200,200,200,4,100,1
6,200,100,1,200,200,200,200,200,200,4,100,2
7,200,100,1,200,200,200,200,200,200,4,100,3
8,200,100,1,200,200,200,200,200,200,4,100,4
9,200,100,1,200,200,200,200,200,200,4,100,1
10,200,100,1,200,200,200,200,200,200,4,100,2
11,200,100,1,200,200,200,200,200,200,4,100,3
12,200,100,1,200,200,200,200,200,200,4,100,4
13,200,100,1,200,200,200,200,200,200,4,100,1
14,200,100,1,200,200,200,200,200,200,4,100,2
15,200,100,1,200,200,200,200,200,200,4,100,3
16,200,100,1,200,200,200,200,200,200,4,100,4
17,200,100,1,200,200,200,200,200,200,4,100,1
18,200,100,1,200,200,200,200,200,200,4,100,2
19,200,100,1,200,200,200,200,200,200,4,100,3
20,200,100,1,200,200,200,200,200,200,4,100,4
21,200,100,1,200,200,200,200,200,200,4,100,1
22,200,100,1,200,200,200,200,200,200,4,100,2
23,200,100,1,200,200,200,200,200,200,4,100,3
24,200,100,1,200,200,200,200,200,200,4,100,4
25,200,100,1,200,200,200,200,200,200,4,100,1
26,200,100,1,200,200,200,200,200,200,4,100,2
27,200,100,1,200,200,200,200,200,200,4,100,3
28,200,100,1,200,200,200,200,200,200,4,100,4
29,200,100,1,200,200,200,200,200,200,4,100,1
30,200,100,1,200,200,200,200,200,200,4,100,2
31,200,100,1,200,200,200,200,200,200,4,100,3
32,200,100,1,200,200,200,200,200,200,4,100,4
33,200,100,1,200,200,200,200,200,200,4,100,1
34,200,100,1,200,200,200,200,200,200,4,100,2
35,200,100,1,200,200,200,200,200,200,4,100,3
36,200,100,1,200,200,200,200,200,200,4,100,4
37,200,100,1,200,200,200,200,200,200,4,100,1
38,200,100,1,200,200,200,200,200,200,4,100,2
39,200,100,1,200,200,200,200,200,200,4,100,3
40,200,100,1,200,200,200,200,200,200,4,100,4
41,200,100,1,200,200,200,200,200,200,4,100,1
42,200,100,1,200,200,200,200,200,200,4,100,2
43,200,100,1,200,200,200,200,200,200,4,100,3
44,200,100,1,200,200,200,200,200,200,4,100,4
45,200,100,1,200,200,200,200,200,200,4,100,1
46,200,100,1,200,200,200,200,200,200,4,100,2
47,200,100,1,200,200,200,200,200,200,4,100,3
48,200,100,1,200,200,200,200,200,200,4,100,4
49,200,100,1,200,200,200,200,200,200,4,100,1
50,200,100,1,200,200,200,200,200,200,4,100,2
51,200,100,1,200,200,200,200,200,200,4,100,3
52,200,100,1,200,200,200,200,200,200,4,100,4
53,200,100,1,200,200,200,200,200,200,4,100,1
54,200,100,1,200,200,200,200,200,200,4,100,2
55,200,100,1,200,200,200,200,200,200,4,100,3
56,200,100,1,200,200,200,200,200,200,4,100,4
57,200,100,1,200,200,200,200,200,200,4,100,1
58,200,100,1,200,200,200,200,200,200,4,100,2
59,200,100,1,200,200,200,200,200,200,4,100,3
60,200,100,1,200,200,200,200,200,200,4,100,4
61,200,100,1,200,200,200,200,200,200,4,100,1
62,200,100,1,200,200,200,200,200,200,4,100,2
63,200,100,1,200,200,200,200,200,200,4,100,3
64,200,100,1,200,200,200,200,200,200,4,100,4
65,200,100,1,200,200,200,200,200,200,4,100,1
66,200,100,1,200,200,200,200,200,200,4,100,2
67,200,100,1,200,200,200,200,200,200,4,100,3
68,200,100,1,200,200,200,200,200,200,4,100,4
69,200,100,1,200,200,200,200,200,200,4,100,1
70,200,100,1,200,200,200,200,200,200,4,100,2
71,200,100,1,200,200,200,200,200,200,4,100,3
72,200,100,1,200,200,200,200,200,200,4,100,4
73,200,100,1,200,200,200,200,200,200,4,100,1
74,200,100,1,200,200,200,200,200,200,4,100,2
75,200,100,1,200,200,200,200,200,200,4,100,3
76,200,100,1,200,200,200,200,200,200,4,100,4
77,200,100,1,200,200,200,200,200,200,4,100,1
78,200,100,1,200,200,200,200,200,200,4,100,2
79,200,100,1,200,200,200,200,200,200,4,100,3
80,200,100,1,200,200,200,200,200,200,4,100,4
81,200,100,1,200,200,200,200,200,200,4,100,1
82,200,100,1,200,200,200,200,200,200,4,100,2
83,200,100,1,200,200,200,200,200,200,4,100,3
84,200,100,1,200,200,200,200,200,200,4,100,4
85,200,100,1,200,200,200,200,200,200,4,100,1
86,200,100,1,200,200,200,200,200,200,4,100,2
87,200,100,1,200,200,200,200,200,200,4,100,3
88,200,100,1,200,200,200,200,200,200,4,100,4
89,200,100,1,200,200,200,200,200,200,4,100,1
90,200,100,1,200,200,200,200,200,200,4,100,2
91,200,100,1,200,200,200,200,200,200,4,100,3
92,200,100,1,200,200,200,200,200,200,4,100,4
93,200,100,1,200,200,200,200,200,200,4,100,1
94,200,100,1,200,200,200,200,200,200,4,100,2
95,200,100,1,200,200,200,200,200,200,4,100,3
96,200,100,1,200,200,200,200,200,200,4,100,4
97,200,100,1,200,200,200,200,200,200,4,100,1
98,200,100,1,200,200,200,200,200,200,4,100,2
99,200,100,1,200,200,200,200,200,200,4,100,3
100,200,100,1,200,200,200,200,200,200,4,100,4
101,200,100,1,200,200,200,200,200,200,4,100,1
102,200,100,1,200,200,200,200,200,200,4,100,2
103,200,100,1,200,200,200,200,200,200,4,100,3
104,200,100,1,200,200,200,200,200,200,4,100,4
105,200,100,1,200,200,200,200,200,200,4,100,1
106,200,100,1,200,200,200,200,200,200,4,100,2
107,200,100,1,200,200,200,200,200,200,4,100,3
108,200,100,1,200,200,200,200,200,200,4,100,4
109,200,100,1,200,200,200,200,200,200,4,100,1
110,200,100,1,200,200,200,200,200,200,4,100,2
111,200,100,1,200,200,200,200,200,200,4,100,3
112,200,100,1,200,200,200,200,200,200,4,100,4
113,200,100,1,200,200,200,200,200,200,4,100,1
114,200,100,1,200,200,200,200,200,200,4,100,2
115,200,100,1,200,200,200,200,200,200,4,100,3
116,200,100,1,200,200,200,200,200,200,4,100,4
117,200,100,1,200,200,200,200,200,200,4,100,1
118,200,100,1,200,200,200,200,200,200,4,100,2
119,200,100,1,200,200,200,200,200,200,4,100,3
120,200,100,1,200,200,200,200,200,200,4,100,4
121,200,100,1,200,200,200,200,200,200,4,100,1
122,200,100,1,200,200,200,200,200,200,4,100,2
123,200,100,1,200,200,200,200,200,200,4,100,3
124,200,100,1,200,200,200,200,200,200,4,100,4
125,200,100,1,200,200,200,200,200,200,4,100,1
126,200,100,1,200,200,200,200,200,200,4,100,2
127,200,100,1,200,200,200,200,200,200,4,100,3
128,200,100,1,200,200,200,200,200,200,4,100,4
129,200,100,1,200,200,200,200,200,200,4,100,1
130,200,100,1,200,200,200,200,200,200,4,100,2
131,200,100,1,200,200,200,200,200,200,4,100,3
132,200,100,1,200,200,200,200,200,200,4,100,4
133,200,100,1,200,200,200,200,200,200,4,100,1
134,200,100,1,200,200,200,200,200,200,4,100,2
135,200,100,1,200,200,200,200,200,200,4,100,3
136,200,100,1,200,200,200,200,200,200,4,100,4
137,200,100,1,200,200,200,200,200,200,4,100,1
138,200,100,1,200,200,200,200,200,200,4,100,2
139,200,100,1,200,200,200,200,200,200,4,100,3
140,200,100,1,200,200,200,200,200,200,4,100,4
141,200,100,1,200,200,200,200,200,200,4,100,1
142,200,100,1,200,200,200,200,200,200,4,100,2
143,200,100,1,200,200,200,200,200,200,4,100,3
144,200,100,1,200,200,200,200,200,200,4,100,4
145,200,100,1,200,200,200,200,200,200,4,100,1
146,200,100,1,200,200,200,200,200,200,4,100,2
147,200,100,1,200,200,200,200,200,200,4,100,3
148,200,100,1,200,200,200,200,200,200,4,100,4
149,200,100,1,200,200,200,200,200,200,4,100,1
150,200,100,1,200,200,200,200,200,200,4,100,2
151,200,100,1,200,200,200,200,200,200,4,100,3
152,200,100,1,200,200,200,200,200,200,4,100,4
153,200,100,1,200,200,200,200,200,200,4,100,1
154,200,100,1,200,200,200,200,200,200,4,100,2
155,200,100,1,200,200,200,200,200,200,4,100,3
156,200,100,1,200,200,200,200,200,200,4,100,4
157,200,100,1,200,200,200,200,200,200,4,100,1
158,200,100,1,200,200,200,200,200,200,4,100,2
159,200,100,1,200,200,200,200,200,200,4,100,3
160,200,100,1,200,200,200,200,200,200,4,100,4
161,200,100,1,200,200,200,200,200,200,4,100,1
162,200,100,1,200,200,200,200,200,200,4,100,2
163,200,100,1,200,200,200,200,200,200,4,100,3
164,200,100,1,200,200,200,200,200,200,4,100,4
165,200,100,1,200,200,200,200,200,200,4,100,1
166,200,100,1,200,200,200,200,200,200,4,100,2
167,200,100,1,200,200,200,200,200,200,4,100,3
168,200,100,1,200,200,200,200,200,200,4,100,4
169,200,100,1,200,200,200,200,200,200,4,100,1
170,200,100,1,200,200,200,200,200,200,4,100,2
171,200,100,1,200,200,200,200,200,200,4,100,3
172,200,100,1,200,200,200,200,200,200,4,100,4
173,200,100,1,200,200,200,200,200,200,4,100,1
174,200,100,1,200,200,200,200,200,200,4,100,2
175,200,100,1,200,200,200,200,200,200,4,100,3
176,200,100,1,200,200,200,200,200,200,4,100,4
177,200,100,1,200,200,200,200,200,200,4,100,1
178,200,100,1,200,200,200,200,200,200,4,100,2
179,200,100,1,200,200,200,200,200,200,4,100,3
180,200,100,1,200,200,200,200,200,200,4,100,4
181,200,100,1,200,200,200,200,200,200,4,100,1
182,200,100,1,200,200,200,200,200,200,4,100,2
183,200,100,1,200,200,200,200,200,200,4,100,3
184,200,100,1,200,200,200,200,200,200,4,100,4
185,200,100,1,200,200,200,200,200,200,4,100,1
186,200,100,1,200,200,200,200,200,200,4,100,2
187,200,100,1,200,200,200,200,200,200,4,100,3
188,200,100,1,200,200,200,200,200,200,4,100,4
189,200,100,1,200,200,200,200,200,200,4,100,1
190,200,100,1,200,200,200,200,200,200,4,100,2
191,200,100,1,200,200,200,200,200,200,4,100,3
192,200,100,1,200,200,200,200,200,200,4,100,4
193,200,100,1,200,200,200,200,200,200,4,100,1
194,200,100,1,200,200,200,200,200,200,4,100,2
195,200,100,1,200,200,200,200,200,200,4,100,3
196,200,100,1,200,200,200,200,200,200,4,100,4
197,200,100,1,200,200,200,200,200,200,4,100,1
198,200,100,1,200,200,200,200,200,200,4,100,2
199,200,100,1,200,200,200,200,200,200,4,100,3
200,200,100,1,200,200,200,200,200,200,4,100,4
201,200,100,1,200,200,200,200,200,200,4,100,1
202,200,100,1,200,200,200,200,200,200,4,100,2
203,200,100,1,200,200,200,200,200,200,4,100,3
204,200,100,1,200,200,200,200,200,200,4,100,4
205,200,100,1,200,200,200,200,200,200,4,100,1
206,200,100,1,200,200,200,200,200,200,4,100,2
207,200,100,1,200,200,200,200,200,200,4,100,3
208,200,100,1,200,200,200,200,200,200,4,100,4
209,200,100,1,200,200,200,200,200,200,4,100,1
210,200,100,1,200,200,200,200,200,200,4,100,2
211,200,100,1,200,200,200,200,200,200,4,100,3
212,200,100,1,200,200,200,200,200,200,4,100,4
213,200,100,1,200,200,200,200,200,200,4,100,1
214,200,100,1,200,200,200,200,200,200,4,100,2
215,200,100,1,200,200,200,200,200,200,4,100,3
216,200,100,1,200,200,200,200,200,200,4,100,4
217,200,100,1,200,200,200,200,200,200,4,100,1
218,200,100,1,200,200,200,200,200,200,4,100,2
219,200,100,1,200,200,200,200,200,200,4,100,3
220,200,100,1,200,200,200,200,200,200,4,100,4
221,200,100,1,200,200,200,200,200,200,4,100,1
222,200,100,1,200,200,200,200,200,200,4,100,2
223,200,100,1,200,200,200,200,200,200,4,100,3
224,200,100,1,200,200,200,200,200,200,4,100,4
225,200,100,1,200,200,200,200,200,200,4,100,1
226,200,100,1,200,200,200,200,200,200,4,100,2
227,200,100,1,200,200,200,200,200,200,4,100,3
228,200,100,1,200,200,200,200,200,200,4,100,4
229,200,100,1,200,200,200,200,200,200,4,100,1
230,200,100,1,200,200,200,200,200,200,4,100,2
231,200,100,1,200,200,200,200,200,200,4,100,3
232,200,100,1,200,200,200,200,200,200,4,100,4
233,200,100,1,200,200,200,200,200,200,4,100,1
234,200,100,1,200,200,200,200,200,200,4,100,2
235,200,100,1,200,200,200,200,200,200,4,100,3
236,200,100,1,200,200,200,200,200,200,4,100,4
237,200,100,1,200,200,200,200,200,200,4,100,1
238,200,100,1,200,200,200,200,200,200,4,100,2
239,200,100,1,200,200,200,200,200,200,4,100,3
240,200,100,1,200,200,200,200,200,200,4,100,4
241,200,100,1,200,200,200,200,200,200,4,100,1
242,200,100,1,200,200,200,200,200,200,4,100,2
243,200,100,1,200,200,200,200,200,200,4,100,3
244,200,100,1,200,200,200,200,200,200,4,100,4
245,200,100,1,200,200,200,200,200,200,4,100,1
246,200,100,1,200,200,200,200,200,200,4,100,2
247,200,100,1,200,200,200,200,200,200,4,100,3
248,200,100,1,200,200,200,200,200,200,4,100,4
249,200,100,1,200,200,200,200,200,200,4,100,1
250,200,100,1,200,200,200,200,200,200,4,100,2
251,200,100,1,200,200,200,200,200,200,4,100,3
252,200,100,1,200,200,200,200,200,200,4,100,4
253,200,100,1,200,200,200,200,200,200,4,100,1
254,200,100,1,200,200,200,200,200,200,4,100,2
255,200,100,1,200,200,200,200,200,200,4,100,3
256,200,100,1,200,200,200,200,200,200,4,100,4
257,200,100,1,200,200,200,200,200,200,4,100,1
258,200,100,1,200,200,200,200,200,200,4,100,2
259,200,100,1,200,200,200,200,200,200,4,100,3
260,200,100,1,200,200,200,200,200,200,4,100,4
261,200,100,1,200,200,200,200,200,200,4,100,1
262,200,100,1,200,200,200,200,200,200,4,100,2
263,200,100,1,200,200,200,200,200,200,4,100,3
264,200,100,1,200,200,200,200,200,200,4,100,4
265,200,100,1,200,200,200,200,200,200,4,100,1
266,200,100,1,200,200,200,200,200,200,4,100,2
267,200,100,1,200,200,200,200,200,200,4,100,3
268,200,100,1,200,200,200,200,200,200,4,100,4
269,200,100,1,200,200,200,200,200,200,4,100,1
270,200,100,1,200,200,200,200,200,200,4,100,2
271,200,100,1,200,200,200,200,200,200,4,100,3
272,200,100,1,200,200,200,200,200,200,4,100,4
273,200,100,1,200,200,200,200,200,200,4,100,1
274,200,100,1,200,200,200,200,200,200,4,100,2
275,200,100,1,200,200,200,200,200,200,4,100,3
276,200,100,1,200,200,200,200,200,200,4,100,4
277,200,100,1,200,200,200,200,200,200,4,100,1
278,200,100,1,200,200,200,200,200,200,4,100,2
279,200,100,1,200,200,200,200,200,200,4,100,3
280,200,100,1,200,200,200,200,200,200,4,100,4
281,200,100,1,200,200,200,200,200,200,4,100,1
282,200,100,1,200,200,200,200,200,200,4,100,2
283,200,100,1,200,200,200,200,200,200,4,100,3
284,200,100,1,200,200,200,200,200,200,4,100,4
285,200,100,1,200,200,200,200,200,200,4,100,1
286,200,100,1,200,200,200,200,200,200,4,100,2
287,200,100,1,200,200,200,200,200,200,4,100,3
288,200,100,1,200,200,200,200,200,200,4,100,4
289,200,100,1,200,200,200,200,200,200,4,100,1
290,200,100,1,200,200,200,200,200,200,4,100,2
291,200,100,1,200,200,200,200,200,200,4,100,3
292,200,100,1,200,200,200,200,200,200,4,100,4
293,200,100,1,200,200,200,200,200,200,4,100,1
294,200,100,1,200,200,200,200,200,200,4,100,2
295,200,100,1,200,200,200,200,200,200,4,100,3
296,200,100,1,200,200,200,200,200,200,4,100,4
297,200,100,1,200,200,200,200,200,200,4,100,1
298,200,100,1,200,200,200,200,200,200,4,100,2
299,200,100,1,200,200,200,200,200,200,4,100,3
300,200,100,1,200,200,200,200,200,200,4,100,4
301,200,100,1,200,200,200,200,200,200,4,100,1
302,200,100,1,200,200,200,200,200,200,4,100,2
303,200,100,1,200,200,200,200,200,200,4,100,3
304,200,100,1,200,200,200,200,200,200,4,100,4
305,200,100,1,200,200,200,200,200,200,4,100,1
306,200,100,1,200,200,200,200,200,200,4,100,2
307,200,100,1,200,200,200,200,200,200,4,100,3
308,200,100,1,200,200,200,200,200,200,4,100,4
309,200,100,1,200,200,200,200,200,200,4,100,1
310,200,100,1,200,200,200,200,200,200,4,100,2
311,200,100,1,200,200,200,200,200,200,4,100,3
312,200,100,1,200,200,200,200,200,200,4,100,4
313,200,100,1,200,200,200,200,200,200,4,100,1
314,200,100,1,200,200,200,200,200,200,4,100,2
315,200,100,1,200,200,200,200,200,200,4,100,3
316,200,100,1,200,200,200,200,200,200,4,100,4
317,200,100,1,200,200,200,200,200,200,4,100,1
318,200,100,1,200,200,200,200,200,200,4,100,2
319,200,100,1,200,200,200,200,200,200,4,100,3
320,200,100,1,200,200,200,200,200,200,4,100,4
321,200,100,1,200,200,200,200,200,200,4,100,1
322,200,100,1,200,200,200,200,200,200,4,100,2
323,200,100,1,200,200,200,200,200,200,4,100,3
324,200,100,1,200,200,200,200,200,200,4,100,4
325,200,100,1,200,200,200,200,200,200,4,100,1
326,200,100,1,200,200,200,200,200,200,4,100,2
327,200,100,1,200,200,200,200,200,200,4,100,3
328,200,100,1,200,200,200,200,200,200,4,100,4
329,200,100,1,200,200,200,200,200,200,4,100,1
330,200,100,1,200,200,200,200,200,200,4,100,2
331,200,100,1,200,200,200,200,200,200,4,100,3
332,200,100,1,200,200,200,200,200,200,4,100,4
333,200,100,1,200,200,200,200,200,200,4,100,1
334,200,100,1,200,200,200,200,200,200,4,100,2
335,200,100,1,200,200,200,200,200,200,4,100,3
336,200,100,1,200,200,200,200,200,200,4,100,4
337,200,100,1,200,200,200,200,200,200,4,100,1
338,200,100,1,200,200,200,200,200,200,4,100,2
339,200,100,1,200,200,200,200,200,200,4,100,3
340,200,100,1,200,200,200,200,200,200,4,100,4
341,200,100,1,200,200,200,200,200,200,4,100,1
342,200,100,1,200,200,200,200,200,200,4,100,2
343,200,100,1,200,200,200,200,200,200,4,100,3
344,200,100,1,200,200,200,200,200,200,4,100,4
345,200,100,1,200,200,200,200,200,200,4,100,1
346,200,100,1,200,200,200,200,200,200,4,100,2
347,200,100,1,200,200,200,200,200,200,4,100,3
348,200,100,1,200,200,200,200,200,200,4,100,4
349,200,100,1,200,200,200,200,200,200,4,100,1
350,200,100,1,200,200,200,200,200,200,4,100,2
351,200,100,1,200,200,200,200,200,200,4,100,3
352,200,100,1,200,200,200,200,200,200,4,100,4
353,200,100,1,200,200,200,200,200,200,4,100,1
354,200,100,1,200,200,200,200,200,200,4,100,2
355,200,100,1,200,200,200,200,200,200,4,100,3
356,200,100,1,200,200,200,200,200,200,4,100,4
357,200,100,1,200,200,200,200,200,200,4,100,1
358,200,100,1,200,200,200,200,200,200,4,100,2
359,200,100,1,200,200,200,200,200,200,4,100,3
360,200,100,1,200,200,200,200,200,200,4,100,4
361,200,100,1,200,200,200,200,200,200,4,100,1
362,200,100,1,200,200,200,200,200,200,4,100,2
363,200,100,1,200,200,200,200,200,200,4,100,3
364,200,100,1,200,200,200,200,200,200,4,100,4
365,200,100,1,200,200,200,200,200,200,4,100,1
366,200,100,1,200,200,200,200,200,200,4,100,2
367,200,100,1,200,200,200,200,200,200,4,100,3
368,200,100,1,200,200,200,200,200,200,4,100,4
369,200,100,1,200,200,200,200,200,200,4,100,1
370,200,100,1,200,200,200,200,200,200,4,100,2
371,200,100,1,200,200,200,200,200,200,4,100,3
372,200,100,1,200,200,200,200,200,200,4,100,4
373,200,100,1,200,200,200,200,200,200,4,100,1
374,200,100,1,200,200,200,200,200,200,4,100,2
375,200,100,1,200,200,200,200,200,200,4,100,3
376,200,100,1,200,200,200,200,200,200,4,100,4
377,200,100,1,200,200,200,200,200,200,4,100,1
378,200,100,1,200,200,200,200,200,200,4,100,2
379,200,100,1,200,200,200,200,200,200,4,100,3
380,200,100,1,200,200,200,200,200,200,4,100,4
381,200,100,1,200,200,200,200,200,200,4,100,1
382,200,100,1,200,200,200,200,200,200,4,100,2
383,200,100,1,200,200,200,200,200,200,4,100,3
384,200,100,1,200,200,200,200,200,200,4,100,4
385,200,100,1,200,200,200,200,200,200,4,100,1
386,200,100,1,200,200,200,200,200,200,4,100,2
387,200,100,1,200,200,200,200,200,200,4,100,3
388,200,100,1,200,200,200,200,200,200,4,100,4
389,200,100,1,200,200,200,200,200,200,4,100,1
390,200,100,1,200,200,200,200,200,200,4,100,2
391,200,100,1,200,200,200,200,200,200,4,100,3
392,200,100,1,200,200,200,200,200,200,4,100,4
393,200,100,1,200,200,200,200,200,200,4,100,1
394,200,100,1,200,200,200,200,200,200,4,100,2
395,200,100,1,200,200,200,200,200,200,4,100,3
396,200,100,1,200,200,200,200,200,200,4,100,4
397,200,100,1,200,200,200,200,200,200,4,100,1
398,200,100,1,200,200,200,200,200,200,4,100,2
399,200,100,1,200,200,200,200,200,200,4,100,3
400,200,100,1,200,200,200,200,200,200,4,100,4
401,200,100,1,200,200,200,200,200,200,4,100,1
402,200,100,1,200,200,200,200,200,200,4,100,2
403,200,100,1,200,200,200,200,200,200,4,100,3
404,200,100,1,200,200,200,200,200,200,4,100,4
405,200,100,1,200,200,200,200,200,200,4,100,1
406,200,100,1,200,200,200,200,200,200,4,100,2
407,200,100,1,200,200,200,200,200,200,4,100,3
408,200,100,1,200,200,200,200,200,200,4,100,4
409,200,100,1,200,200,200,200,200,200,4,100,1
410,200,100,1,200,200,200,200,200,200,4,100,2
411,200,100,1,200,200,200,200,200,200,4,100,3
412,200,100,1,200,200,200,200,200,200,4,100,4
413,200,100,1,200,200,200,200,200,200,4,100,1
414,200,100,1,200,200,200,200,200,200,4,100,2
415,200,100,1,200,200,200,200,200,200,4,100,3
416,200,100,1,200,200,200,200,200,200,4,100,4
417,200,100,1,200,200,200,200,200,200,4,100,1
418,200,100,1,200,200,200,200,200,200,4,100,2
419,200,100,1,200,200,200,200,200,200,4,100,3
420,200,100,1,200,200,200,200,200,200,4,100,4
421,200,100,1,200,200,200,200,200,200,4,100,1
422,200,100,1,200,200,200,200,200,200,4,100,2
423,200,100,1,200,200,200,200,200,200,4,100,3
424,200,100,1,200,200,200,200,200,200,4,100,4
425,200,100,1,200,200,200,200,200,200,4,100,1
426,200,100,1,200,200,200,200,200,200,4,100,2
427,200,100,1,200,200,200,200,200,200,4,100,3
428,200,100,1,200,200,200,200,200,200,4,100,4
429,200,100,1,200,200,200,200,200,200,4,100,1
430,200,100,1,200,200,200,200,200,200,4,100,2
431,200,100,1,200,200,200,200,200,200,4,100,3
432,200,100,1,200,200,200,200,200,200,4,100,4
433,200,100,1,200,200,200,200,200,200,4,100,1
434,200,100,1,200,200,200,200,200,200,4,100,2
435,200,100,1,200,200,200,200,200,200,4,100,3
436,200,100,1,200,200,200,200,200,200,4,100,4
437,200,100,1,200,200,200,200,200,200,4,100,1
438,200,100,1,200,200,200,200,200,200,4,100,2
439,200,100,1,200,200,200,200,200,200,4,100,3
440,200,100,1,200,200,200,200,200,200,4,100,4
441,200,100,1,200,200,200,200,200,200,4,100,1
442,200,100,1,200,200,200,200,200,200,4,100,2
443,200,100,1,200,200,200,200,200,200,4,100,3
444,200,100,1,200,200,200,200,200,200,4,100,4
445,200,100,1,200,200,200,200,200,200,4,100,1
446,200,100,1,200,200,200,200,200,200,4,100,2
447,200,100,1,200,200,200,200,200,200,4,100,3
448,200,100,1,200,200,200,200,200,200,4,100,4
449,200,100,1,200,200,200,200,200,200,4,100,1
450,200,100,1,200,200,200,200,200,200,4,100,2
451,200,100,1,200,200,200,200,200,200,4,100,3
452,200,100,1,200,200,200,200,200,200,4,100,4
453,200,100,1,200,200,200,200,200,200,4,100,1
454,200,100,1,200,200,200,200,200,200,4,100,2
455,200,100,1,200,200,200,200,200,200,4,100,3
456,200,100,1,200,200,200,200,200,200,4,100,4
457,200,100,1,200,200,200,200,200,200,4,100,1
458,200,100,1,200,200,200,200,200,200,4,100,2
459,200,100,1,200,200,200,200,200,200,4,100,3
460,200,100,1,200,200,200,200,200,200,4,100,4
461,200,100,1,200,200,200,200,200,200,4,100,1
462,200,100,1,200,200,200,200,200,200,4,100,2
463,200,100,1,200,200,200,200,200,200,4,100,3
464,200,100,1,200,200,200,200,200,200,4,100,4
465,200,100,1,200,200,200,200,200,200,4,100,1
466,200,100,1,200,200,200,200,200,200,4,100,2
467,200,100,1,200,200,200,200,200,200,4,100,3
468,200,100,1,200,200,200,200,200,200,4,100,4
469,200,100,1,200,200,200,200,200,200,4,100,1
470,200,100,1,200,200,200,200,200,200,4,100,2
471,200,100,1,200,200,200,200,200,200,4,100,3
472,200,100,1,200,200,200,200,200,200,4,100,4
473,200,100,1,200,200,200,200,200,200,4,100,1
474,200,100,1,200,200,200,200,200,200,4,100,2
475,200,100,1,200,200,200,200,200,200,4,100,3
476,200,100,1,200,200,200,200,200,200,4,100,4
477,200,100,1,200,200,200,200,200,200,4,100,1
478,200,100,1,200,200,200,200,200,200,4,100,2
479,200,100,1,200,200,200,200,200,200,4,100,3
480,200,100,1,200,200,200,200,200,200,4,100,4
481,200,100,1,200,200,200,200,200,200,4,100,1
482,200,100,1,200,200,200,200,200,200,4,100,2
483,200,100,1,200,200,200,200,200,200,4,100,3
484,200,100,1,200,200,200,200,200,200,4,100,4
485,200,100,1,200,200,200,200,200,200,4,100,1
486,200,100,1,200,200,200,200,200,200,4,100,2
487,200,100,1,200,200,200,200,200,200,4,100,3
488,200,100,1,200,200,200,200,200,200,4,100,4
489,200,100,1,200,200,200,200,200,200,4,100,1
490,200,100,1,200,200,200,200,200,200,4,100,2
491,200,100,1,200,200,200,200,200,200,4,100,3
492,200,100,1,200,200,200,200,200,200,4,100,4
493,200,100,1,200,200,200,200,200,200,4,100,1
494,200,100,1,200,200,200,200,200,200,4,100,2
495,200,100,1,200,200,200,200,200,200,4,100,3
496,200,100,1,200,200,200,200,200,200,4,100,4
497,200,100,1,200,200,200,200,200,200,4,100,1
498,200,100,1,200,200,200,200,200,200,4,100,2
499,200,100,1,200,200,200,200,200,200,4,100,3
500,200,100,1,200,200,200,200,200,200,4,100,4
501,200,100,1,200,200,200,200,200,200,4,100,1
502,200,100,1,200,200,200,200,200,200,4,100,2
503,200,100,1,200,200,200,200,200,200,4,100,3
504,200,100,1,200,200,200,200,200,200,4,100,4
505,200,100,1,200,200,200,200,200,200,4,100,1
506,200,100,1,200,200,200,200,200,200,4,100,2
507,200,100,1,200,200,200,200,200,200,4,100,3
508,200,100,1,200,200,200,200,200,200,4,100,4
509,200,100,1,200,200,200,200,200,200,4,100,1
510,200,100,1,200,200,200,200,200,200,4,100,2
511,200,100,1,200,200,200,200,200,200,4,100,3
512,200,100,1,200,200,200,200,200,200,4,100,4
513,200,100,1,200,200,200,200,200,200,4,100,1
514,200,100,1,200,200,200,200,200,200,4,100,2
515,200,100,1,200,200,200,200,200,200,4,100,3
516,200,100,1,200,200,200,200,200,200,4,100,4
517,200,100,1,200,200,200,200,200,200,4,100,1
518,200,100,1,200,200,200,200,200,200,4,100,2
519,200,100,1,200,200,200,200,200,200,4,100,3
520,200,100,1,200,200,200,200,200,200,4,100,4
521,200,100,1,200,200,200,200,200,200,4,100,1
522,200,100,1,200,200,200,200,200,200,4,100,2
523,200,100,1,200,200,200,200,200,200,4,100,3
524,200,100,1,200,200,200,200,200,200,4,100,4
525,200,100,1,200,200,200,200,200,200,4,100,1
526,200,100,1,200,200,200,200,200,200,4,100,2
527,200,100,1,200,200,200,200,200,200,4,100,3
528,200,100,1,200,200,200,200,200,200,4,100,4
529,200,100,1,200,200,200,200,200,200,4,100,1
530,200,100,1,200,200,200,200,200,200,4,100,2
531,200,100,1,200,200,200,200,200,200,4,100,3
532,200,100,1,200,200,200,200,200,200,4,100,4
533,200,100,1,200,200,200,200,200,200,4,100,1
534,200,100,1,200,200,200,200,200,200,4,100,2
535,200,100,1,200,200,200,200,200,200,4,100,3
536,200,100,1,200,200,200,200,200,200,4,100,4
537,200,100,1,200,200,200,200,200,200,4,100,1
538,200,100,1,200,200,200,200,200,200,4,100,2
539,200,100,1,200,200,200,200,200,200,4,100,3
540,200,100,1,200,200,200,200,200,200,4,100,4
541,200,100,1,200,200,200,200,200,200,4,100,1
542,200,100,1,200,200,200,200,200,200,4,100,2
543,200,100,1,200,200,200,200,200,200,4,100,3
544,200,100,1,200,200,200,200,200,200,4,100,4
545,200,100,1,200,200,200,200,200,200,4,100,1
546,200,100,1,200,200,200,200,200,200,4,100,2
547,200,100,1,200,200,200,200,200,200,4,100,3
548,200,100,1,200,200,200,200,200,200,4,100,4
549,200,100,1,200,200,200,200,200,200,4,100,1
550,200,100,1,200,200,200,200,200,200,4,100,2
551,200,100,1,200,200,200,200,200,200,4,100,3
552,200,100,1,200,200,200,200,200,200,4,100,4
553,200,100,1,200,200,200,200,200,200,4,100,1
554,200,100,1,200,200,200,200,200,200,4,100,2
555,200,100,1,200,200,200,200,200,200,4,100,3
556,200,100,1,200,200,200,200,200,200,4,100,4
557,200,100,1,200,200,200,200,200,200,4,100,1
558,200,100,1,200,200,200,200,200,200,4,100,2
559,200,100,1,200,200,200,200,200,200,4,100,3
560,200,100,1,200,200,200,200,200,200,4,100,4
561,200,100,1,200,200,200,200,200,200,4,100,1
562,200,100,1,200,200,200,200,200,200,4,100,2
563,200,100,1,200,200,200,200,200,200,4,100,3
564,200,100,1,200,200,200,200,200,200,4,100,4
565,200,100,1,200,200,200,200,200,200,4,100,1
566,200,100,1,200,200,200,200,200,200,4,100,2
567,200,100,1,200,200,200,200,200,200,4,100,3
568,200,100,1,200,200,200,200,200,200,4,100,4
569,200,100,1,200,200,200,200,200,200,4,100,1
570,200,100,1,200,200,200,200,200,200,4,100,2
571,200,100,1,200,200,200,200,200,200,4,100,3
572,200,100,1,200,200,200,200,200,200,4,100,4
573,200,100,1,200,200,200,200,200,200,4,100,1
574,200,100,1,200,200,200,200,200,200,4,100,2
575,200,100,1,200,200,200,200,200,200,4,100,3
576,200,100,1,200,200,200,200,200,200,4,100,4
577,200,100,1,200,200,200,200,200,200,4,100,1
578,200,100,1,200,200,200,200,200,200,4,100,2
579,200,100,1,200,200,200,200,200,200,4,100,3
580,200,100,1,200,200,200,200,200,200,4,100,4
581,200,100,1,200,200,200,200,200,200,4,100,1
582,200,100,1,200,200,200,200,200,200,4,100,2
583,200,100,1,200,200,200,200,200,200,4,100,3
584,200,100,1,200,200,200,200,200,200,4,100,4
585,200,100,1,200,200,200,200,200,200,4,100,1
586,200,100,1,200,200,200,200,200,200,4,100,2
587,200,100,1,200,200,200,200,200,200,4,100,3
588,200,100,1,200,200,200,200,200,200,4,100,4
589,200,100,1,200,200,200,200,200,200,4,100,1
590,200,100,1,200,200,200,200,200,200,4,100,2
591,200,100,1,200,200,200,200,200,200,4,100,3
592,200,100,1,200,200,200,200,200,200,4,100,4
593,200,100,1,200,200,200,200,200,200,4,100,1
594,200,100,1,200,200,200,200,200,200,4,100,2
595,200,100,1,200,200,200,200,200,200,4,100,3
596,200,100,1,200,200,200,200,200,200,4,100,4
597,200,100,1,200,200,200,200,200,200,4,100,1
598,200,100,1,200,200,200,200,200,200,4,100,2
599,200,100,1,200,200,200,200,200,200,4,100,3
600,200,100,1,200,200,200,200,200,200,4,100,4
601,200,100,1,200,200,200,200,200,200,4,100,1
602,200,100,1,200,200,200,200,200,200,4,100,2
603,200,100,1,200,200,200,200,200,200,4,100,3
604,200,100,1,200,200,200,200,200,200,4,100,4
605,200,100,1,200,200,200,200,200,200,4,100,1
606,200,100,1,200,200,200,200,200,200,4,100,2
607,200,100,1,200,200,200,200,200,200,4,100,3
608,200,100,1,200,200,200,200,200,200,4,100,4
609,200,100,1,200,200,200,200,200,200,4,100,1
610,200,100,1,200,200,200,200,200,200,4,100,2
611,200,100,1,200,200,200,200,200,200,4,100,3
612,200,100,1,200,200,200,200,200,200,4,100,4
613,200,100,1,200,200,200,200,200,200,4,100,1
614,200,100,1,200,200,200,200,200,200,4,100,2
615,200,100,1,200,200,200,200,200,200,4,100,3
616,200,100,1,200,200,200,200,200,200,4,100,4
617,200,100,1,200,200,200,200,200,200,4,100,1
618,200,100,1,200,200,200,200,200,200,4,100,2
619,200,100,1,200,200,200,200,200,200,4,100,3
620,200,100,1,200,200,200,200,200,200,4,100,4
621,200,100,1,200,200,200,200,200,200,4,100,1
622,200,100,1,200,200,200,200,200,200,4,100,2
623,200,100,1,200,200,200,200,200,200,4,100,3
624,200,100,1,200,200,200,200,200,200,4,100,4
625,200,100,1,200,200,200,200,200,200,4,100,1
626,200,100,1,200,200,200,200,200,200,4,100,2
627,200,100,1,200,200,200,200,200,200,4,100,3
628,200,100,1,200,200,200,200,200,200,4,100,4
629,200,100,1,200,200,200,200,200,200,4,100,1
630,200,100,1,200,200,200,200,200,200,4,100,2
631,200,100,1,200,200,200,200,200,200,4,100,3
632,200,100,1,200,200,200,200,200,200,4,100,4
633,200,100,1,200,200,200,200,200,200,4,100,1
634,200,100,1,200,200,200,200,200,200,4,100,2
635,200,100,1,200,200,200,200,200,200,4,100,3
636,200,100,1,200,200,200,200,200,200,4,100,4
637,200,100,1,200,200,200,200,200,200,4,100,1
638,200,100,1,200,200,200,200,200,200,4,100,2
639,200,100,1,200,200,200,200,200,200,4,100,3
640,200,100,1,200,200,200,200,200,200,4,100,4
641,200,100,1,200,200,200,200,200,200,4,100,1
642,200,100,1,200,200,200,200,200,200,4,100,2
643,200,100,1,200,200,200,200,200,200,4,100,3
644,200,100,1,200,200,200,200,200,200,4,100,4
645,200,100,1,200,200,200,200,200,200,4,100,1
646,200,100,1,200,200,200,200,200,200,4,100,2
647,200,100,1,200,200,200,200,200,200,4,100,3
648,200,100,1,200,200,200,200,200,200,4,100,4
649,200,100,1,200,200,200,200,200,200,4,100,1
650,200,100,1,200,200,200,200,200,200,4,100,2
651,200,100,1,200,200,200,200,200,200,4,100,3
652,200,100,1,200,200,200,200,200,200,4,100,4
653,200,100,1,200,200,200,200,200,200,4,100,1
654,200,100,1,200,200,200,200,200,200,4,100,2
655,200,100,1,200,200,200,200,200,200,4,100,3
656,200,100,1,200,200,200,200,200,200,4,100,4
657,200,100,1,200,200,200,200,200,200,4,100,1
658,200,100,1,200,200,200,200,200,200,4,100,2
659,200,100,1,200,200,200,200,200,200,4,100,3
660,200,100,1,200,200,200,200,200,200,4,100,4
661,200,100,1,200,200,200,200,200,200,4,100,1
662,200,100,1,200,200,200,200,200,200,4,100,2
663,200,100,1,200,200,200,200,200,200,4,100,3
664,200,100,1,200,200,200,200,200,200,4,100,4
665,200,100,1,200,200,200,200,200,200,4,100,1
666,200,100,1,200,200,200,200,200,200,4,100,2
667,200,100,1,200,200,200,200,200,200,4,100,3
668,200,100,1,200,200,200,200,200,200,4,100,4
669,200,100,1,200,200,200,200,200,200,4,100,1
670,200,100,1,200,200,200,200,200,200,4,100,2
671,200,100,1,200,200,200,200,200,200,4,100,3
672,200,100,1,200,200,200,200,200,200,4,100,4
673,200,100,1,200,200,200,200,200,200,4,100,1
674,200,100,1,200,200,200,200,200,200,4,100,2
675,200,100,1,200,200,200,200,200,200,4,100,3
676,200,100,1,200,200,200,200,200,200,4,100,4
677,200,100,1,200,200,200,200,200,200,4,100,1
678,200,100,1,200,200,200,200,200,200,4,100,2
679,200,100,1,200,200,200,200,200,200,4,100,3
680,200,100,1,200,200,200,200,200,200,4,100,4
681,200,100,1,200,200,200,200,200,200,4,100,1
682,200,100,1,200,200,200,200,200,200,4,100,2
683,200,100,1,200,200,200,200,200,200,4,100,3
684,200,100,1,200,200,200,200,200,200,4,100,4
685,200,100,1,200,200,200,200,200,200,4,100,1
686,200,100,1,200,200,200,200,200,200,4,100,2
687,200,100,1,200,200,200,200,200,200,4,100,3
688,200,100,1,200,200,200,200,200,200,4,100,4
689,200,100,1,200,200,200,200,200,200,4,100,1
690,200,100,1,200,200,200,200,200,200,4,100,2
691,200,100,1,200,200,200,200,200,200,4,100,3
692,200,100,1,200,200,200,200,200,200,4,100,4
693,200,100,1,200,200,200,200,200,200,4,100,1
694,200,100,1,200,200,200,200,200,200,4,100,2
695,200,100,1,200,200,200,200,200,200,4,100,3
696,200,100,1,200,200,200,200,200,200,4,100,4
697,200,100,1,200,200,200,200,200,200,4,100,1
698,200,100,1,200,200,200,200,200,200,4,100,2
699,200,100,1,200,200,200,200,200,200,4,100,3
700,200,100,1,200,200,200,200,200,200,4,100,4
701,200,100,1,200,200,200,200,200,200,4,100,1
702,200,100,1,200,200,200,200,200,200,4,100,2
703,200,100,1,200,200,200,200,200,200,4,100,3
704,200,100,1,200,200,200,200,200,200,4,100,4
705,200,100,1,200,200,200,200,200,200,4,100,1
706,200,100,1,200,200,200,200,200,200,4,100,2
707,200,100,1,200,200,200,200,200,200,4,100,3
708,200,100,1,200,200,200,200,200,200,4,100,4
709,200,100,1,200,200,200,200,200,200,4,100,1
710,200,100,1,200,200,200,200,200,200,4,100,2
711,200,100,1,200,200,200,200,200,200,4,100,3
712,200,100,1,200,200,200,200,200,200,4,100,4
713,200,100,1,200,200,200,200,200,200,4,100,1
714,200,100,1,200,200,200,200,200,200,4,100,2
715,200,100,1,200,200,200,200,200,200,4,100,3
716,200,100,1,200,200,200,200,200,200,4,100,4
717,200,100,1,200,200,200,200,200,200,4,100,1
718,200,100,1,200,200,200,200,200,200,4,100,2
719,200,100,1,200,200,200,200,200,200,4,100,3
720,200,100,1,200,200,200,200,200,200,4,100,4
721,200,100,1,200,200,200,200,200,200,4,100,1
722,200,100,1,200,200,200,200,200,200,4,100,2
723,200,100,1,200,200,200,200,200,200,4,100,3
724,200,100,1,200,200,200,200,200,200,4,100,4
725,200,100,1,200,200,200,200,200,200,4,100,1
726,200,100,1,200,200,200,200,200,200,4,100,2
727,200,100,1,200,200,200,200,200,200,4,100,3
728,200,100,1,200,200,200,200,200,200,4,100,4
729,200,100,1,200,200,200,200,200,200,4,100,1
730,200,100,1,200,200,200,200,200,200,4,100,2
731,200,100,1,200,200,200,200,200,200,4,100,3
732,200,100,1,200,200,200,200,200,200,4,100,4
733,200,100,1,200,200,200,200,200,200,4,100,1
734,200,100,1,200,200,200,200,200,200,4,100,2
735,200,100,1,200,200,200,200,200,200,4,100,3
736,200,100,1,200,200,200,200,200,200,4,100,4
737,200,100,1,200,200,200,200,200,200,4,100,1
738,200,100,1,200,200,200,200,200,200,4,100,2
739,200,100,1,200,200,200,200,200,200,4,100,3
740,200,100,1,200,200,200,200,200,200,4,100,4
741,200,100,1,200,200,200,200,200,200,4,100,1
742,200,100,1,200,200,200,200,200,200,4,100,2
743,200,100,1,200,200,200,200,200,200,4,100,3
744,200,100,1,200,200,200,200,200,200,4,100,4
745,200,100,1,200,200,200,200,200,200,4,100,1
746,200,100,1,200,200,200,200,200,200,4,100,2
747,200,100,1,200,200,200,200,200,200,4,100,3
748,200,100,1,200,200,200,200,200,200,4,100,4
749,200,100,1,200,200,200,200,200,200,4,100,1
750,200,100,1,200,200,200,200,200,200,4,100,2
751,200,100,1,200,200,200,200,200,200,4,100,3
752,200,100,1,200,200,200,200,200,200,4,100,4
753,200,100,1,200,200,200,200,200,200,4,100,1
754,200,100,1,200,200,200,200,200,200,4,100,2
755,200,100,1,200,200,200,200,200,200,4,100,3
756,200,100,1,200,200,200,200,200,200,4,100,4
757,200,100,1,200,200,200,200,200,200,4,100,1
758,200,100,1,200,200,200,200,200,200,4,100,2
759,200,100,1,200,200,200,200,200,200,4,100,3
760,200,100,1,200,200,200,200,200,200,4,100,4
761,200,100,1,200,200,200,200,200,200,4,100,1
762,200,100,1,200,200,200,200,200,200,4,100,2
763,200,100,1,200,200,200,200,200,200,4,100,3
764,200,100,1,200,200,200,200,200,200,4,100,4
765,200,100,1,200,200,200,200,200,200,4,100,1
766,200,100,1,200,200,200,200,200,200,4,100,2
767,200,100,1,200,200,200,200,200,200,4,100,3
768,200,100,1,200,200,200,200,200,200,4,100,4
769,200,100,1,200,200,200,200,200,200,4,100,1
770,200,100,1,200,200,200,200,200,200,4,100,2
771,200,100,1,200,200,200,200,200,200,4,100,3
772,200,100,1,200,200,200,200,200,200,4,100,4
773,200,100,1,200,200,200,200,200,200,4,100,1
774,200,100,1,200,200,200,200,200,200,4,100,2
775,200,100,1,200,200,200,200,200,200,4,100,3
776,200,100,1,200,200,200,200,200,200,4,100,4
777,200,100,1,200,200,200,200,200,200,4,100,1
778,200,100,1,200,200,200,200,200,200,4,100,2
779,200,100,1,200,200,200,200,200,200,4,100,3
780,200,100,1,200,200,200,200,200,200,4,100,4
781,200,100,1,200,200,200,200,200,200,4,100,1
782,200,100,1,200,200,200,200,200,200,4,100,2
783,200,100,1,200,200,200,200,200,200,4,100,3
784,200,100,1,200,200,200,200,200,200,4,100,4
785,200,100,1,200,200,200,200,200,200,4,100,1
786,200,100,1,200,200,200,200,200,200,4,100,2
787,200,100,1,200,200,200,200,200,200,4,100,3
788,200,100,1,200,200,200,200,200,200,4,100,4
789,200,100,1,200,200,200,200,200,200,4,100,1
790,200,100,1,200,200,200,200,200,200,4,100,2
791,200,100,1,200,200,200,200,200,200,4,100,3
792,200,100,1,200,200,200,200,200,200,4,100,4
793,200,100,1,200,200,200,200,200,200,4,100,1
794,200,100,1,200,200,200,200,200,200,4,100,2
795,200,100,1,200,200,200,200,200,200,4,100,3
796,200,100,1,200,200,200,200,200,200,4,100,4
797,200,100,1,200,200,200,200,200,200,4,100,1
798,200,100,1,200,200,200,200,200,200,4,100,2
799,200,100,1,200,200,200,200,200,200,4,100,3
800,200,100,1,200,200,200,200,200,200,4,100,4
801,200,100,1,200,200,200,200,200,200,4,100,1
802,200,100,1,200,200,200,200,200,200,4,100,2
803,200,100,1,200,200,200,200,200,200,4,100,3
804,200,100,1,200,200,200,200,200,200,4,100,4
805,200,100,1,200,200,200,200,200,200,4,100,1
806,200,100,1,200,200,200,200,200,200,4,100,2
807,200,100,1,200,200,200,200,200,200,4,100,3
808,200,100,1,200,200,200,200,200,200,4,100,4
809,200,100,1,200,200,200,200,200,200,4,100,1
810,200,100,1,200,200,200,200,200,200,4,100,2
811,200,100,1,200,200,200,200,200,200,4,100,3
812,200,100,1,200,200,200,200,200,200,4,100,4
813,200,100,1,200,200,200,200,200,200,4,100,1
814,200,100,1,200,200,200,200,200,200,4,100,2
815,200,100,1,200,200,200,200,200,200,4,100,3
816,200,100,1,200,200,200,200,200,200,4,100,4
817,200,100,1,200,200,200,200,200,200,4,100,1
818,200,100,1,200,200,200,200,200,200,4,100,2
819,200,100,1,200,200,200,200,200,200,4,100,3
820,200,100,1,200,200,200,200,200,200,4,100,4
821,200,100,1,200,200,200,200,200,200,4,100,1
822,200,100,1,200,200,200,200,200,200,4,100,2
823,200,100,1,200,200,200,200,200,200,4,100,3
824,200,100,1,200,200,200,200,200,200,4,100,4
825,200,100,1,200,200,200,200,200,200,4,100,1
826,200,100,1,200,200,200,200,200,200,4,100,2
827,200,100,1,200,200,200,200,200,200,4,100,3
828,200,100,1,200,200,200,200,200,200,4,100,4
829,200,100,1,200,200,200,200,200,200,4,100,1
830,200,100,1,200,200,200,200,200,200,4,100,2
831,200,100,1,200,200,200,200,200,200,4,100,3
832,200,100,1,200,200,200,200,200,200,4,100,4
833,200,100,1,200,200,200,200,200,200,4,100,1
834,200,100,1,200,200,200,200,200,200,4,100,2
835,200,100,1,200,200,200,200,200,200,4,100,3
836,200,100,1,200,200,200,200,200,200,4,100,4
837,200,100,1,200,200,200,200,200,200,4,100,1
838,200,100,1,200,200,200,200,200,200,4,100,2
839,200,100,1,200,200,200,200,200,200,4,100,3
840,200,100,1,200,200,200,200,200,200,4,100,4
841,200,100,1,200,200,200,200,200,200,4,100,1
842,200,100,1,200,200,200,200,200,200,4,100,2
843,200,100,1,200,200,200,200,200,200,4,100,3
844,200,100,1,200,200,200,200,200,200,4,100,4
845,200,100,1,200,200,200,200,200,200,4,100,1
846,200,100,1,200,200,200,200,200,200,4,100,2
847,200,100,1,200,200,200,200,200,200,4,100,3
848,200,100,1,200,200,200,200,200,200,4,100,4
849,200,100,1,200,200,200,200,200,200,4,100,1
850,200,100,1,200,200,200,200,200,200,4,100,2
851,200,100,1,200,200,200,200,200,200,4,100,3
852,200,100,1,200,200,200,200,200,200,4,100,4
853,200,100,1,200,200,200,200,200,200,4,100,1
854,200,100,1,200,200,200,200,200,200,4,100,2
855,200,100,1,200,200,200,200,200,200,4,100,3
856,200,100,1,200,200,200,200,200,200,4,100,4
857,200,100,1,200,200,200,200,200,200,4,100,1
858,200,100,1,200,200,200,200,200,200,4,100,2
859,200,100,1,200,200,200,200,200,200,4,100,3
860,200,100,1,200,200,200,200,200,200,4,100,4
861,200,100,1,200,200,200,200,200,200,4,100,1
862,200,100,1,200,200,200,200,200,200,4,100,2
863,200,100,1,200,200,200,200,200,200,4,100,3
864,200,100,1,200,200,200,200,200,200,4,100,4
865,200,100,1,200,200,200,200,200,200,4,100,1
866,200,100,1,200,200,200,200,200,200,4,100,2
867,200,100,1,200,200,200,200,200,200,4,100,3
868,200,100,1,200,200,200,200,200,200,4,100,4
869,200,100,1,200,200,200,200,200,200,4,100,1
870,200,100,1,200,200,200,200,200,200,4,100,2
871,200,100,1,200,200,200,200,200,200,4,100,3
872,200,100,1,200,200,200,200,200,200,4,100,4
873,200,100,1,200,200,200,200,200,200,4,100,1
874,200,100,1,200,200,200,200,200,200,4,100,2
875,200,100,1,200,200,200,200,200,200,4,100,3
876,200,100,1,200,200,200,200,200,200,4,100,4
877,200,100,1,200,200,200,200,200,200,4,100,1
878,200,100,1,200,200,200,200,200,200,4,100,2
879,200,100,1,200,200,200,200,200,200,4,100,3
880,200,100,1,200,200,200,200,200,200,4,100,4
881,200,100,1,200,200,200,200,200,200,4,100,1
882,200,100,1,200,200,200,200,200,200,4,100,2
883,200,100,1,200,200,200,200,200,200,4,100,3
884,200,100,1,200,200,200,200,200,200,4,100,4
885,200,100,1,200,200,200,200,200,200,4,100,1
886,200,100,1,200,200,200,200,200,200,4,100,2
887,200,100,1,200,200,200,200,200,200,4,100,3
888,200,100,1,200,200,200,200,200,200,4,100,4
889,200,100,1,200,200,200,200,200,200,4,100,1
890,200,100,1,200,200,200,200,200,200,4,100,2
891,200,100,1,200,200,200,200,200,200,4,100,3
892,200,100,1,200,200,200,200,200,200,4,100,4
893,200,100,1,200,200,200,200,200,200,4,100,1
894,200,100,1,200,200,200,200,200,200,4,100,2
895,200,100,1,200,200,200,200,200,200,4,100,3
896,200,100,1,200,200,200,200,200,200,4,100,4
897,200,100,1,200,200,200,200,200,200,4,100,1
898,200,100,1,200,200,200,200,200,200,4,100,2
899,200,100,1,200,200,200,200,200,200,4,100,3
900,200,100,1,200,200,200,200,200,200,4,100,4
901,200,100,1,200,200,200,200,200,200,4,100,1
902,200,100,1,200,200,200,200,200,200,4,100,2
903,200,100,1,200,200,200,200,200,200,4,100,3
904,200,100,1,200,200,200,200,200,200,4,100,4
905,200,100,1,200,200,200,200,200,200,4,100,1
906,200,100,1,200,200,200,200,200,200,4,100,2
907,200,100,1,200,200,200,200,200,200,4,100,3
908,200,100,1,200,200,200,200,200,200,4,100,4
909,200,100,1,200,200,200,200,200,200,4,100,1
910,200,100,1,200,200,200,200,200,200,4,100,2
911,200,100,1,200,200,200,200,200,200,4,100,3
912,200,100,1,200,200,200,200,200,200,4,100,4
913,200,100,1,200,200,200,200,200,200,4,100,1
914,200,100,1,200,200,200,200,200,200,4,100,2
915,200,100,1,200,200,200,200,200,200,4,100,3
916,200,100,1,200,200,200,200,200,200,4,100,4
917,200,100,1,200,200,200,200,200,200,4,100,1
918,200,100,1,200,200,200,200,200,200,4,100,2
919,200,100,1,200,200,200,200,200,200,4,100,3
920,200,100,1,200,200,200,200,200,200,4,100,4
921,200,100,1,200,200,200,200,200,200,4,100,1
922,200,100,1,200,200,200,200,200,200,4,100,2
923,200,100,1,200,200,200,200,200,200,4,100,3
924,200,100,1,200,200,200,200,200,200,4,100,4
925,200,100,1,200,200,200,200,200,200,4,100,1
926,200,100,1,200,200,200,200,200,200,4,100,2
927,200,100,1,200,200,200,200,200,200,4,100,3
928,200,100,1,200,200,200,200,200,200,4,100,4
929,200,100,1,200,200,200,200,200,200,4,100,1
930,200,100,1,200,200,200,200,200,200,4,100,2
931,200,100,1,200,200,200,200,200,200,4,100,3
932,200,100,1,200,200,200,200,200,200,4,100,4
933,200,100,1,200,200,200,200,200,200,4,100,1
934,200,100,1,200,200,200,200,200,200,4,100,2
935,200,100,1,200,200,200,200,200,200,4,100,3
936,200,100,1,200,200,200,200,200,200,4,100,4
937,200,100,1,200,200,200,200,200,200,4,100,1
938,200,100,1,200,200,200,200,200,200,4,100,2
939,200,100,1,200,200,200,200,200,200,4,100,3
940,200,100,1,200,200,200,200,200,200,4,100,4
941,200,100,1,200,200,200,200,200,200,4,100,1
942,200,100,1,200,200,200,200,200,200,4,100,2
943,200,100,1,200,200,200,200,200,200,4,100,3
944,200,100,1,200,200,200,200,200,200,4,100,4
945,200,100,1,200,200,200,200,200,200,4,100,1
946,200,100,1,200,200,200,200,200,200,4,100,2
947,200,100,1,200,200,200,200,200,200,4,100,3
948,200,100,1,200,200,200,200,200,200,4,100,4
949,200,100,1,200,200,200,200,200,200,4,100,1
950,200,100,1,200,200,200,200,200,200,4,100,2
951,200,100,1,200,200,200,200,200,200,4,100,3
952,200,100,1,200,200,200,200,200,200,4,100,4
953,200,100,1,200,200,200,200,200,200,4,100,1
954,200,100,1,200,200,200,200,200,200,4,100,2
955,200,100,1,200,200,200,200,200,200,4,100,3
956,200,100,1,200,200,200,200,200,200,4,100,4
957,200,100,1,200,200,200,200,200,200,4,100,1
958,200,100,1,200,200,200,200,200,200,4,100,2
959,200,100,1,200,200,200,200,200,200,4,100,3
960,200,100,1,200,200,200,200,200,200,4,100,4
961,200,100,1,200,200,200,200,200,200,4,100,1
962,200,100,1,200,200,200,200,200,200,4,100,2
963,200,100,1,200,200,200,200,200,200,4,100,3
964,200,100,1,200,200,200,200,200,200,4,100,4
965,200,100,1,200,200,200,200,200,200,4,100,1
966,200,100,1,200,200,200,200,200,200,4,100,2
967,200,100,1,200,200,200,200,200,200,4,100,3
968,200,100,1,200,200,200,200,200,200,4,100,4
969,200,100,1,200,200,200,200,200,200,4,100,1
970,200,100,1,200,200,200,200,200,200,4,100,2
971,200,100,1,200,200,200,200,200,200,4,100,3
972,200,100,1,200,200,200,200,200,200,4,100,4
973,200,100,1,200,200,200,200,200,200,4,100,1
974,200,100,1,200,200,200,200,200,200,4,100,2
975,200,100,1,200,200,200,200,200,200,4,100,3
976,200,100,1,200,200,200,200,200,200,4,100,4
977,200,100,1,200,200,200,200,200,200,4,100,1
978,200,100,1,200,200,200,200,200,200,4,100,2
979,200,100,1,200,200,200,200,200,200,4,100,3
980,200,100,1,200,200,200,200,200,200,4,100,4
981,200,100,1,200,200,200,200,200,200,4,100,1
982,200,100,1,200,200,200,200,200,200,4,100,2
983,200,100,1,200,200,200,200,200,200,4,100,3
984,200,100,1,200,200,200,200,200,200,4,100,4
985,200,100,1,200,200,200,200,200,200,4,100,1
986,200,100,1,200,200,200,200,200,200,4,100,2
987,200,100,1,200,200,200,200,200,200,4,100,3
988,200,100,1,200,200,200,200,200,200,4,100,4
989,200,100,1,200,200,200,200,200,200,4,100,1
990,200,100,1,200,200,200,200,200,200,4,100,2
991,200,100,1,200,200,200,200,200,200,4,100,3
992,200,100,1,200,200,200,200,200,200,4,100,4
993,200,100,1,200,200,200,200,200,200,4,100,1
994,200,100,1,200,200,200,200,200,200,4,100,2
995,200,100,1,200,200,200,200,200,200,4,100,3
996,200,100,1,200,200,200,200,200,200,4,100,4
997,200,100,1,200,200,200,200,200,200,4,100,1
998,200,100,1,200,200,200,200,200,200,4,100,2
999,200,100,1,200,200,200,200,200,200,4,100,3
1000,200,100,1,200,200,200,200,200,200,4,100,4
1001,50,50,2,50,50,50,50,50,50,1,50,1
1002,50,50,2,50,50,50,50,50,50,1,50,1
1003,50,50,2,50,50,50,50,50,50,1,50,1
1004,50,50,2,50,50,50,50,50,50,1,50,1
1005,50,50,2,50,50,50,50,50,50,1,50,1
1006,50,50,2,50,50,50,50,50,50,1,50,1
1007,50,50,2,50,50,50,50,50,50,1,50,1
1008,50,50,2,50,50,50,50,50,50,1,50,1
1009,50,50,2,50,50,50,50,50,50,1,50,1
1010,50,50,2,50,50,50,50,50,50,1,50,1
1011,50,50,2,50,50,50,50,50,50,1,50,1
1012,50,50,2,50,50,50,50,50,50,1,50,1
1013,50,50,2,50,50,50,50,50,50,1,50,1
1014,50,50,2,50,50,50,50,50,50,1,50,1
1015,50,50,2,50,50,50,50,50,50,1,50,1
1016,50,50,2,50,50,50,50,50,50,1,50,1
1017,50,50,2,50,50,50,50,50,50,1,50,1
1018,50,50,2,50,50,50,50,50,50,1,50,1
1019,50,50,2,50,50,50,50,50,50,1,50,1
1020,50,50,2,50,50,50,50,50,50,1,50,1
1021,50,50,2,50,50,50,50,50,50,1,50,1
1022,50,50,2,50,50,50,50,50,50,1,50,1
1023,50,50,2,50,50,50,50,50,50,1,50,1
1024,50,50,2,50,50,50,50,50,50,1,50,1
1025,50,50,2,50,50,50,50,50,50,1,50,1
1026,50,50,2,50,50,50,50,50,50,1,50,1
1027,50,50,2,50,50,50,50,50,50,1,50,1
1028,50,50,2,50,50,50,50,50,50,1,50,1
1029,50,50,2,50,50,50,50,50,50,1,50,1
1030,50,50,2,50,50,50,50,50,50,1,50,1
1031,50,50,2,50,50,50,50,50,50,1,50,1
1032,50,50,2,50,50,50,50,50,50,1,50,1
1033,50,50,2,50,50,50,50,50,50,1,50,1
1034,50,50,2,50,50,50,50,50,50,1,50,1
1035,50,50,2,50,50,50,50,50,50,1,50,1
1036,50,50,2,50,50,50,50,50,50,1,50,1
1037,50,50,2,50,50,50,50,50,50,1,50,1
1038,50,50,2,50,50,50,50,50,50,1,50,1
1039,50,50,2,50,50,50,50,50,50,1,50,1
1040,50,50,2,50,50,50,50,50,50,1,50,1
1041,50,50,2,50,50,50,50,50,50,1,50,1
1042,50,50,2,50,50,50,50,50,50,1,50,1
1043,50,50,2,50,50,50,50,50,50,1,50,1
1044,50,50,2,50,50,50,50,50,50,1,50,1
1045,50,50,2,50,50,50,50,50,50,1,50,1
1046,50,50,2,50,50,50,50,50,50,1,50,1
1047,50,50,2,50,50,50,50,50,50,1,50,1
1048,50,50,2,50,50,50,50,50,50,1,50,1
1049,50,50,2,50,50,50,50,50,50,1,50,1
1050,50,50,2,50,50,50,50,50,50,1,50,1
1051,50,50,2,50,50,50,50,50,50,1,50,1
1052,50,50,2,50,50,50,50,50,50,1,50,1
1053,50,50,2,50,50,50,50,50,50,1,50,1
1054,50,50,2,50,50,50,50,50,50,1,50,1
1055,50,50,2,50,50,50,50,50,50,1,50,1
1056,50,50,2,50,50,50,50,50,50,1,50,1
1057,50,50,2,50,50,50,50,50,50,1,50,1
1058,50,50,2,50,50,50,50,50,50,1,50,1
1059,50,50,2,50,50,50,50,50,50,1,50,1
1060,50,50,2,50,50,50,50,50,50,1,50,1
1061,50,50,2,50,50,50,50,50,50,1,50,1
1062,50,50,2,50,50,50,50,50,50,1,50,1
1063,50,50,2,50,50,50,50,50,50,1,50,1
1064,50,50,2,50,50,50,50,50,50,1,50,1
1065,50,50,2,50,50,50,50,50,50,1,50,1
1066,50,50,2,50,50,50,50,50,50,1,50,1
1067,50,50,2,50,50,50,50,50,50,1,50,1
1068,50,50,2,50,50,50,50,50,50,1,50,1
1069,50,50,2,50,50,50,50,50,50,1,50,1
1070,50,50,2,50,50,50,50,50,50,1,50,1
1071,50,50,2,50,50,50,50,50,50,1,50,1
1072,50,50,2,50,50,50,50,50,50,1,50,1
1073,50,50,2,50,50,50,50,50,50,1,50,1
1074,50,50,2,50,50,50,50,50,50,1,50,1
1075,50,50,2,50,50,50,50,50,50,1,50,1
1076,50,50,2,50,50,50,50,50,50,1,50,1
1077,50,50,2,50,50,50,50,50,50,1,50,1
1078,50,50,2,50,50,50,50,50,50,1,50,1
1079,50,50,2,50,50,50,50,50,50,1,50,1
1080,50,50,2,50,50,50,50,50,50,1,50,1
1081,50,50,2,50,50,50,50,50,50,1,50,1
1082,50,50,2,50,50,50,50,50,50,1,50,1
1083,50,50,2,50,50,50,50,50,50,1,50,1
1084,50,50,2,50,50,50,50,50,50,1,50,1
1085,50,50,2,50,50,50,50,50,50,1,50,1
1086,50,50,2,50,50,50,50,50,50,1,50,1
1087,50,50,2,50,50,50,50,50,50,1,50,1
1088,50,50,2,50,50,50,50,50,50,1,50,1
1089,50,50,2,50,50,50,50,50,50,1,50,1
1090,50,50,2,50,50,50,50,50,50,1,50,1
1091,50,50,2,50,50,50,50,50,50,1,50,1
1092,50,50,2,50,50,50,50,50,50,1,50,1
1093,50,50,2,50,50,50,50,50,50,1,50,1
1094,50,50,2,50,50,50,50,50,50,1,50,1
1095,50,50,2,50,50,50,50,50,50,1,50,1
1096,50,50,2,50,50,50,50,50,50,1,50,1
1097,50,50,2,50,50,50,50,50,50,1,50,1
1098,50,50,2,50,50,50,50,50,50,1,50,1
1099,50,50,2,50,50,50,50,50,50,1,50,1
1100,50,50,2,50,50,50,50,50,50,1,50,1
1101,50,50,2,50,50,50,50,50,50,1,50,1
1102,50,50,2,50,50,50,50,50,50,1,50,1
1103,50,50,2,50,50,50,50,50,50,1,50,1
1104,50,50,2,50,50,50,50,50,50,1,50,1
1105,50,50,2,50,50,50,50,50,50,1,50,1
1106,50,50,2,50,50,50,50,50,50,1,50,1
1107,50,50,2,50,50,50,50,50,50,1,50,1
1108,50,50,2,50,50,50,50,50,50,1,50,1
1109,50,50,2,50,50,50,50,50,50,1,50,1
1110,50,50,2,50,50,50,50,50,50,1,50,1
1111,50,50,2,50,50,50,50,50,50,1,50,1
1112,50,50,2,50,50,50,50,50,50,1,50,1
1113,50,50,2,50,50,50,50,50,50,1,50,1
1114,50,50,2,50,50,50,50,50,50,1,50,1
1115,50,50,2,50,50,50,50,50,50,1,50,1
1116,50,50,2,50,50,50,50,50,50,1,50,1
1117,50,50,2,50,50,50,50,50,50,1,50,1
1118,50,50,2,50,50,50,50,50,50,1,50,1
1119,50,50,2,50,50,50,50,50,50,1,50,1
1120,50,50,2,50,50,50,50,50,50,1,50,1
1121,50,50,2,50,50,50,50,50,50,1,50,1
1122,50,50,2,50,50,50,50,50,50,1,50,1
1123,50,50,2,50,50,50,50,50,50,1,50,1
1124,50,50,2,50,50,50,50,50,50,1,50,1
1125,50,50,2,50,50,50,50,50,50,1,50,1
1126,50,50,2,50,50,50,50,50,50,1,50,1
1127,50,50,2,50,50,50,50,50,50,1,50,1
1128,50,50,2,50,50,50,50,50,50,1,50,1
1129,50,50,2,50,50,50,50,50,50,1,50,1
1130,50,50,2,50,50,50,50,50,50,1,50,1
1131,50,50,2,50,50,50,50,50,50,1,50,1
1132,50,50,2,50,50,50,50,50,50,1,50,1
1133,50,50,2,50,50,50,50,50,50,1,50,1
1134,50,50,2,50,50,50,50,50,50,1,50,1
1135,50,50,2,50,50,50,50,50,50,1,50,1
1136,50,50,2,50,50,50,50,50,50,1,50,1
1137,50,50,2,50,50,50,50,50,50,1,50,1
1138,50,50,2,50,50,50,50,50,50,1,50,1
1139,50,50,2,50,50,50,50,50,50,1,50,1
1140,50,50,2,50,50,50,50,50,50,1,50,1
1141,50,50,2,50,50,50,50,50,50,1,50,1
1142,50,50,2,50,50,50,50,50,50,1,50,1
1143,50,50,2,50,50,50,50,50,50,1,50,1
1144,50,50,2,50,50,50,50,50,50,1,50,1
1145,50,50,2,50,50,50,50,50,50,1,50,1
1146,50,50,2,50,50,50,50,50,50,1,50,1
1147,50,50,2,50,50,50,50,50,50,1,50,1
1148,50,50,2,50,50,50,50,50,50,1,50,1
1149,50,50,2,50,50,50,50,50,50,1,50,1
1150,50,50,2,50,50,50,50,50,50,1,50,1
1151,50,50,2,50,50,50,50,50,50,1,50,1
1152,50,50,2,50,50,50,50,50,50,1,50,1
1153,50,50,2,50,50,50,50,50,50,1,50,1
1154,50,50,2,50,50,50,50,50,50,1,50,1
1155,50,50,2,50,50,50,50,50,50,1,50,1
1156,50,50,2,50,50,50,50,50,50,1,50,1
1157,50,50,2,50,50,50,50,50,50,1,50,1
1158,50,50,2,50,50,50,50,50,50,1,50,1
1159,50,50,2,50,50,50,50,50,50,1,50,1
1160,50,50,2,50,50,50,50,50,50,1,50,1
1161,50,50,2,50,50,50,50,50,50,1,50,1
1162,50,50,2,50,50,50,50,50,50,1,50,1
1163,50,50,2,50,50,50,50,50,50,1,50,1
1164,50,50,2,50,50,50,50,50,50,1,50,1
1165,50,50,2,50,50,50,50,50,50,1,50,1
1166,50,50,2,50,50,50,50,50,50,1,50,1
1167,50,50,2,50,50,50,50,50,50,1,50,1
1168,50,50,2,50,50,50,50,50,50,1,50,1
1169,50,50,2,50,50,50,50,50,50,1,50,1
1170,50,50,2,50,50,50,50,50,50,1,50,1
1171,50,50,2,50,50,50,50,50,50,1,50,1
1172,50,50,2,50,50,50,50,50,50,1,50,1
1173,50,50,2,50,50,50,50,50,50,1,50,1
1174,50,50,2,50,50,50,50,50,50,1,50,1
1175,50,50,2,50,50,50,50,50,50,1,50,1
1176,50,50,2,50,50,50,50,50,50,1,50,1
1177,50,50,2,50,50,50,50,50,50,1,50,1
1178,50,50,2,50,50,50,50,50,50,1,50,1
1179,50,50,2,50,50,50,50,50,50,1,50,1
1180,50,50,2,50,50,50,50,50,50,1,50,1
1181,50,50,2,50,50,50,50,50,50,1,50,1
1182,50,50,2,50,50,50,50,50,50,1,50,1
1183,50,50,2,50,50,50,50,50,50,1,50,1
1184,50,50,2,50,50,50,50,50,50,1,50,1
1185,50,50,2,50,50,50,50,50,50,1,50,1
1186,50,50,2,50,50,50,50,50,50,1,50,1
1187,50,50,2,50,50,50,50,50,50,1,50,1
1188,50,50,2,50,50,50,50,50,50,1,50,1
1189,50,50,2,50,50,50,50,50,50,1,50,1
1190,50,50,2,50,50,50,50,50,50,1,50,1
1191,50,50,2,50,50,50,50,50,50,1,50,1
1192,50,50,2,50,50,50,50,50,50,1,50,1
1193,50,50,2,50,50,50,50,50,50,1,50,1
1194,50,50,2,50,50,50,50,50,50,1,50,1
1195,50,50,2,50,50,50,50,50,50,1,50,1
1196,50,50,2,50,50,50,50,50,50,1,50,1
1197,50,50,2,50,50,50,50,50,50,1,50,1
1198,50,50,2,50,50,50,50,50,50,1,50,1
1199,50,50,2,50,50,50,50,50,50,1,50,1
1200,50,50,2,50,50,50,50,50,50,1,50,1
1201,50,50,2,50,50,50,50,50,50,1,50,1
1202,50,50,2,50,50,50,50,50,50,1,50,1
1203,50,50,2,50,50,50,50,50,50,1,50,1
1204,50,50,2,50,50,50,50,50,50,1,50,1
1205,50,50,2,50,50,50,50,50,50,1,50,1
1206,50,50,2,50,50,50,50,50,50,1,50,1
1207,50,50,2,50,50,50,50,50,50,1,50,1
1208,50,50,2,50,50,50,50,50,50,1,50,1
1209,50,50,2,50,50,50,50,50,50,1,50,1
1210,50,50,2,50,50,50,50,50,50,1,50,1
1211,50,50,2,50,50,50,50,50,50,1,50,1
1212,50,50,2,50,50,50,50,50,50,1,50,1
1213,50,50,2,50,50,50,50,50,50,1,50,1
1214,50,50,2,50,50,50,50,50,50,1,50,1
1215,50,50,2,50,50,50,50,50,50,1,50,1
1216,50,50,2,50,50,50,50,50,50,1,50,1
1217,50,50,2,50,50,50,50,50,50,1,50,1
1218,50,50,2,50,50,50,50,50,50,1,50,1
1219,50,50,2,50,50,50,50,50,50,1,50,1
1220,50,50,2,50,50,50,50,50,50,1,50,1
1221,50,50,2,50,50,50,50,50,50,1,50,1
1222,50,50,2,50,50,50,50,50,50,1,50,1
1223,50,50,2,50,50,50,50,50,50,1,50,1
1224,50,50,2,50,50,50,50,50,50,1,50,1
1225,50,50,2,50,50,50,50,50,50,1,50,1
1226,50,50,2,50,50,50,50,50,50,1,50,1
1227,50,50,2,50,50,50,50,50,50,1,50,1
1228,50,50,2,50,50,50,50,50,50,1,50,1
1229,50,50,2,50,50,50,50,50,50,1,50,1
1230,50,50,2,50,50,50,50,50,50,1,50,1
1231,50,50,2,50,50,50,50,50,50,1,50,1
1232,50,50,2,50,50,50,50,50,50,1,50,1
1233,50,50,2,50,50,50,50,50,50,1,50,1
1234,50,50,2,50,50,50,50,50,50,1,50,1
1235,50,50,2,50,50,50,50,50,50,1,50,1
1236,50,50,2,50,50,50,50,50,50,1,50,1
1237,50,50,2,50,50,50,50,50,50,1,50,1
1238,50,50,2,50,50,50,50,50,50,1,50,1
1239,50,50,2,50,50,50,50,50,50,1,50,1
1240,50,50,2,50,50,50,50,50,50,1,50,1
1241,50,50,2,50,50,50,50,50,50,1,50,1
1242,50,50,2,50,50,50,50,50,50,1,50,1
1243,50,50,2,50,50,50,50,50,50,1,50,1
1244,50,50,2,50,50,50,50,50,50,1,50,1
1245,50,50,2,50,50,50,50,50,50,1,50,1
1246,50,50,2,50,50,50,50,50,50,1,50,1
1247,50,50,2,50,50,50,50,50,50,1,50,1
1248,50,50,2,50,50,50,50,50,50,1,50,1
1249,50,50,2,50,50,50,50,50,50,1,50,1
1250,50,50,2,50,50,50,50,50,50,1,50,1
1251,50,50,2,50,50,50,50,50,50,1,50,1
1252,50,50,2,50,50,50,50,50,50,1,50,1
1253,50,50,2,50,50,50,50,50,50,1,50,1
1254,50,50,2,50,50,50,50,50,50,1,50,1
1255,50,50,2,50,50,50,50,50,50,1,50,1
1256,50,50,2,50,50,50,50,50,50,1,50,1
1257,50,50,2,50,50,50,50,50,50,1,50,1
1258,50,50,2,50,50,50,50,50,50,1,50,1
1259,50,50,2,50,50,50,50,50,50,1,50,1
1260,50,50,2,50,50,50,50,50,50,1,50,1
1261,50,50,2,50,50,50,50,50,50,1,50,1
1262,50,50,2,50,50,50,50,50,50,1,50,1
1263,50,50,2,50,50,50,50,50,50,1,50,1
1264,50,50,2,50,50,50,50,50,50,1,50,1
1265,50,50,2,50,50,50,50,50,50,1,50,1
1266,50,50,2,50,50,50,50,50,50,1,50,1
1267,50,50,2,50,50,50,50,50,50,1,50,1
1268,50,50,2,50,50,50,50,50,50,1,50,1
1269,50,50,2,50,50,50,50,50,50,1,50,1
1270,50,50,2,50,50,50,50,50,50,1,50,1
1271,50,50,2,50,50,50,50,50,50,1,50,1
1272,50,50,2,50,50,50,50,50,50,1,50,1
1273,50,50,2,50,50,50,50,50,50,1,50,1
1274,50,50,2,50,50,50,50,50,50,1,50,1
1275,50,50,2,50,50,50,50,50,50,1,50,1
1276,50,50,2,50,50,50,50,50,50,1,50,1
1277,50,50,2,50,50,50,50,50,50,1,50,1
1278,50,50,2,50,50,50,50,50,50,1,50,1
1279,50,50,2,50,50,50,50,50,50,1,50,1
1280,50,50,2,50,50,50,50,50,50,1,50,1
1281,50,50,2,50,50,50,50,50,50,1,50,1
1282,50,50,2,50,50,50,50,50,50,1,50,1
1283,50,50,2,50,50,50,50,50,50,1,50,1
1284,50,50,2,50,50,50,50,50,50,1,50,1
1285,50,50,2,50,50,50,50,50,50,1,50,1
1286,50,50,2,50,50,50,50,50,50,1,50,1
1287,50,50,2,50,50,50,50,50,50,1,50,1
1288,50,50,2,50,50,50,50,50,50,1,50,1
1289,50,50,2,50,50,50,50,50,50,1,50,1
1290,50,50,2,50,50,50,50,50,50,1,50,1
1291,50,50,2,50,50,50,50,50,50,1,50,1
1292,50,50,2,50,50,50,50,50,50,1,50,1
1293,50,50,2,50,50,50,50,50,50,1,50,1
1294,50,50,2,50,50,50,50,50,50,1,50,1
1295,50,50,2,50,50,50,50,50,50,1,50,1
1296,50,50,2,50,50,50,50,50,50,1,50,1
1297,50,50,2,50,50,50,50,50,50,1,50,1
1298,50,50,2,50,50,50,50,50,50,1,50,1
1299,50,50,2,50,50,50,50,50,50,1,50,1
1300,50,50,2,50,50,50,50,50,50,1,50,1
1301,50,50,2,50,50,50,50,50,50,1,50,1
1302,50,50,2,50,50,50,50,50,50,1,50,1
1303,50,50,2,50,50,50,50,50,50,1,50,1
1304,50,50,2,50,50,50,50,50,50,1,50,1
1305,50,50,2,50,50,50,50,50,50,1,50,1
1306,50,50,2,50,50,50,50,50,50,1,50,1
1307,50,50,2,50,50,50,50,50,50,1,50,1
1308,50,50,2,50,50,50,50,50,50,1,50,1
1309,50,50,2,50,50,50,50,50,50,1,50,1
1310,50,50,2,50,50,50,50,50,50,1,50,1
1311,50,50,2,50,50,50,50,50,50,1,50,1
1312,50,50,2,50,50,50,50,50,50,1,50,1
1313,50,50,2,50,50,50,50,50,50,1,50,1
1314,50,50,2,50,50,50,50,50,50,1,50,1
1315,50,50,2,50,50,50,50,50,50,1,50,1
1316,50,50,2,50,50,50,50,50,50,1,50,1
1317,50,50,2,50,50,50,50,50,50,1,50,1
1318,50,50,2,50,50,50,50,50,50,1,50,1
1319,50,50,2,50,50,50,50,50,50,1,50,1
1320,50,50,2,50,50,50,50,50,50,1,50,1
1321,50,50,2,50,50,50,50,50,50,1,50,1
1322,50,50,2,50,50,50,50,50,50,1,50,1
1323,50,50,2,50,50,50,50,50,50,1,50,1
1324,50,50,2,50,50,50,50,50,50,1,50,1
1325,50,50,2,50,50,50,50,50,50,1,50,1
1326,50,50,2,50,50,50,50,50,50,1,50,1
1327,50,50,2,50,50,50,50,50,50,1,50,1
1328,50,50,2,50,50,50,50,50,50,1,50,1
1329,50,50,2,50,50,50,50,50,50,1,50,1
1330,50,50,2,50,50,50,50,50,50,1,50,1
1331,50,50,2,50,50,50,50,50,50,1,50,1
1332,50,50,2,50,50,50,50,50,50,1,50,1
1333,50,50,2,50,50,50,50,50,50,1,50,1
1334,50,50,2,50,50,50,50,50,50,1,50,1
1335,50,50,2,50,50,50,50,50,50,1,50,1
1336,50,50,2,50,50,50,50,50,50,1,50,1
1337,50,50,2,50,50,50,50,50,50,1,50,1
1338,50,50,2,50,50,50,50,50,50,1,50,1
1339,50,50,2,50,50,50,50,50,50,1,50,1
1340,50,50,2,50,50,50,50,50,50,1,50,1
1341,50,50,2,50,50,50,50,50,50,1,50,1
1342,50,50,2,50,50,50,50,50,50,1,50,1
1343,50,50,2,50,50,50,50,50,50,1,50,1
1344,50,50,2,50,50,50,50,50,50,1,50,1
1345,50,50,2,50,50,50,50,50,50,1,50,1
1346,50,50,2,50,50,50,50,50,50,1,50,1
1347,50,50,2,50,50,50,50,50,50,1,50,1
1348,50,50,2,50,50,50,50,50,50,1,50,1
1349,50,50,2,50,50,50,50,50,50,1,50,1
1350,50,50,2,50,50,50,50,50,50,1,50,1
1351,50,50,2,50,50,50,50,50,50,1,50,1
1352,50,50,2,50,50,50,50,50,50,1,50,1
1353,50,50,2,50,50,50,50,50,50,1,50,1
1354,50,50,2,50,50,50,50,50,50,1,50,1
1355,50,50,2,50,50,50,50,50,50,1,50,1
1356,50,50,2,50,50,50,50,50,50,1,50,1
1357,50,50,2,50,50,50,50,50,50,1,50,1
1358,50,50,2,50,50,50,50,50,50,1,50,1
1359,50,50,2,50,50,50,50,50,50,1,50,1
1360,50,50,2,50,50,50,50,50,50,1,50,1
1361,50,50,2,50,50,50,50,50,50,1,50,1
1362,50,50,2,50,50,50,50,50,50,1,50,1
1363,50,50,2,50,50,50,50,50,50,1,50,1
1364,50,50,2,50,50,50,50,50,50,1,50,1
1365,50,50,2,50,50,50,50,50,50,1,50,1
1366,50,50,2,50,50,50,50,50,50,1,50,1
1367,50,50,2,50,50,50,50,50,50,1,50,1
1368,50,50,2,50,50,50,50,50,50,1,50,1
1369,50,50,2,50,50,50,50,50,50,1,50,1
1370,50,50,2,50,50,50,50,50,50,1,50,1
1371,50,50,2,50,50,50,50,50,50,1,50,1
1372,50,50,2,50,50,50,50,50,50,1,50,1
1373,50,50,2,50,50,50,50,50,50,1,50,1
1374,50,50,2,50,50,50,50,50,50,1,50,1
1375,50,50,2,50,50,50,50,50,50,1,50,1
1376,50,50,2,50,50,50,50,50,50,1,50,1
1377,50,50,2,50,50,50,50,50,50,1,50,1
1378,50,50,2,50,50,50,50,50,50,1,50,1
1379,50,50,2,50,50,50,50,50,50,1,50,1
1380,50,50,2,50,50,50,50,50,50,1,50,1
1381,50,50,2,50,50,50,50,50,50,1,50,1
1382,50,50,2,50,50,50,50,50,50,1,50,1
1383,50,50,2,50,50,50,50,50,50,1,50,1
1384,50,50,2,50,50,50,50,50,50,1,50,1
1385,50,50,2,50,50,50,50,50,50,1,50,1
1386,50,50,2,50,50,50,50,50,50,1,50,1
1387,50,50,2,50,50,50,50,50,50,1,50,1
1388,50,50,2,50,50,50,50,50,50,1,50,1
1389,50,50,2,50,50,50,50,50,50,1,50,1
1390,50,50,2,50,50,50,50,50,50,1,50,1
1391,50,50,2,50,50,50,50,50,50,1,50,1
1392,50,50,2,50,50,50,50,50,50,1,50,1
1393,50,50,2,50,50,50,50,50,50,1,50,1
1394,50,50,2,50,50,50,50,50,50,1,50,1
1395,50,50,2,50,50,50,50,50,50,1,50,1
1396,50,50,2,50,50,50,50,50,50,1,50,1
1397,50,50,2,50,50,50,50,50,50,1,50,1
1398,50,50,2,50,50,50,50,50,50,1,50,1
1399,50,50,2,50,50,50,50,50,50,1,50,1
1400,50,50,2,50,50,50,50,50,50,1,50,1
1401,50,50,2,50,50,50,50,50,50,1,50,1
1402,50,50,2,50,50,50,50,50,50,1,50,1
1403,50,50,2,50,50,50,50,50,50,1,50,1
1404,50,50,2,50,50,50,50,50,50,1,50,1
1405,50,50,2,50,50,50,50,50,50,1,50,1
1406,50,50,2,50,50,50,50,50,50,1,50,1
1407,50,50,2,50,50,50,50,50,50,1,50,1
1408,50,50,2,50,50,50,50,50,50,1,50,1
1409,50,50,2,50,50,50,50,50,50,1,50,1
1410,50,50,2,50,50,50,50,50,50,1,50,1
1411,50,50,2,50,50,50,50,50,50,1,50,1
1412,50,50,2,50,50,50,50,50,50,1,50,1
1413,50,50,2,50,50,50,50,50,50,1,50,1
1414,50,50,2,50,50,50,50,50,50,1,50,1
1415,50,50,2,50,50,50,50,50,50,1,50,1
1416,50,50,2,50,50,50,50,50,50,1,50,1
1417,50,50,2,50,50,50,50,50,50,1,50,1
1418,50,50,2,50,50,50,50,50,50,1,50,1
1419,50,50,2,50,50,50,50,50,50,1,50,1
1420,50,50,2,50,50,50,50,50,50,1,50,1
1421,50,50,2,50,50,50,50,50,50,1,50,1
1422,50,50,2,50,50,50,50,50,50,1,50,1
1423,50,50,2,50,50,50,50,50,50,1,50,1
1424,50,50,2,50,50,50,50,50,50,1,50,1
1425,50,50,2,50,50,50,50,50,50,1,50,1
1426,50,50,2,50,50,50,50,50,50,1,50,1
1427,50,50,2,50,50,50,50,50,50,1,50,1
1428,50,50,2,50,50,50,50,50,50,1,50,1
1429,50,50,2,50,50,50,50,50,50,1,50,1
1430,50,50,2,50,50,50,50,50,50,1,50,1
1431,50,50,2,50,50,50,50,50,50,1,50,1
1432,50,50,2,50,50,50,50,50,50,1,50,1
1433,50,50,2,50,50,50,50,50,50,1,50,1
1434,50,50,2,50,50,50,50,50,50,1,50,1
1435,50,50,2,50,50,50,50,50,50,1,50,1
1436,50,50,2,50,50,50,50,50,50,1,50,1
1437,50,50,2,50,50,50,50,50,50,1,50,1
1438,50,50,2,50,50,50,50,50,50,1,50,1
1439,50,50,2,50,50,50,50,50,50,1,50,1
1440,50,50,2,50,50,50,50,50,50,1,50,1
1441,50,50,2,50,50,50,50,50,50,1,50,1
1442,50,50,2,50,50,50,50,50,50,1,50,1
1443,50,50,2,50,50,50,50,50,50,1,50,1
1444,50,50,2,50,50,50,50,50,50,1,50,1
1445,50,50,2,50,50,50,50,50,50,1,50,1
1446,50,50,2,50,50,50,50,50,50,1,50,1
1447,50,50,2,50,50,50,50,50,50,1,50,1
1448,50,50,2,50,50,50,50,50,50,1,50,1
1449,50,50,2,50,50,50,50,50,50,1,50,1
1450,50,50,2,50,50,50,50,50,50,1,50,1
1451,50,50,2,50,50,50,50,50,50,1,50,1
1452,50,50,2,50,50,50,50,50,50,1,50,1
1453,50,50,2,50,50,50,50,50,50,1,50,1
1454,50,50,2,50,50,50,50,50,50,1,50,1
1455,50,50,2,50,50,50,50,50,50,1,50,1
1456,50,50,2,50,50,50,50,50,50,1,50,1
1457,50,50,2,50,50,50,50,50,50,1,50,1
1458,50,50,2,50,50,50,50,50,50,1,50,1
1459,50,50,2,50,50,50,50,50,50,1,50,1
1460,50,50,2,50,50,50,50,50,50,1,50,1
1461,50,50,2,50,50,50,50,50,50,1,50,1
1462,50,50,2,50,50,50,50,50,50,1,50,1
1463,50,50,2,50,50,50,50,50,50,1,50,1
1464,50,50,2,50,50,50,50,50,50,1,50,1
1465,50,50,2,50,50,50,50,50,50,1,50,1
1466,50,50,2,50,50,50,50,50,50,1,50,1
1467,50,50,2,50,50,50,50,50,50,1,50,1
1468,50,50,2,50,50,50,50,50,50,1,50,1
1469,50,50,2,50,50,50,50,50,50,1,50,1
1470,50,50,2,50,50,50,50,50,50,1,50,1
1471,50,50,2,50,50,50,50,50,50,1,50,1
1472,50,50,2,50,50,50,50,50,50,1,50,1
1473,50,50,2,50,50,50,50,50,50,1,50,1
1474,50,50,2,50,50,50,50,50,50,1,50,1
1475,50,50,2,50,50,50,50,50,50,1,50,1
1476,50,50,2,50,50,50,50,50,50,1,50,1
1477,50,50,2,50,50,50,50,50,50,1,50,1
1478,50,50,2,50,50,50,50,50,50,1,50,1
1479,50,50,2,50,50,50,50,50,50,1,50,1
1480,50,50,2,50,50,50,50,50,50,1,50,1
1481,50,50,2,50,50,50,50,50,50,1,50,1
1482,50,50,2,50,50,50,50,50,50,1,50,1
1483,50,50,2,50,50,50,50,50,50,1,50,1
1484,50,50,2,50,50,50,50,50,50,1,50,1
1485,50,50,2,50,50,50,50,50,50,1,50,1
1486,50,50,2,50,50,50,50,50,50,1,50,1
1487,50,50,2,50,50,50,50,50,50,1,50,1
1488,50,50,2,50,50,50,50,50,50,1,50,1
1489,50,50,2,50,50,50,50,50,50,1,50,1
1490,50,50,2,50,50,50,50,50,50,1,50,1
1491,50,50,2,50,50,50,50,50,50,1,50,1
1492,50,50,2,50,50,50,50,50,50,1,50,1
1493,50,50,2,50,50,50,50,50,50,1,50,1
1494,50,50,2,50,50,50,50,50,50,1,50,1
1495,50,50,2,50,50,50,50,50,50,1,50,1
1496,50,50,2,50,50,50,50,50,50,1,50,1
1497,50,50,2,50,50,50,50,50,50,1,50,1
1498,50,50,2,50,50,50,50,50,50,1,50,1
1499,50,50,2,50,50,50,50,50,50,1,50,1
1500,50,50,2,50,50,50,50,50,50,1,50,1
1501,50,50,2,50,50,50,50,50,50,1,50,1
1502,50,50,2,50,50,50,50,50,50,1,50,1
1503,50,50,2,50,50,50,50,50,50,1,50,1
1504,50,50,2,50,50,50,50,50,50,1,50,1
1505,50,50,2,50,50,50,50,50,50,1,50,1
1506,50,50,2,50,50,50,50,50,50,1,50,1
1507,50,50,2,50,50,50,50,50,50,1,50,1
1508,50,50,2,50,50,50,50,50,50,1,50,1
1509,50,50,2,50,50,50,50,50,50,1,50,1
1510,50,50,2,50,50,50,50,50,50,1,50,1
1511,50,50,2,50,50,50,50,50,50,1,50,1
1512,50,50,2,50,50,50,50,50,50,1,50,1
1513,50,50,2,50,50,50,50,50,50,1,50,1
1514,50,50,2,50,50,50,50,50,50,1,50,1
1515,50,50,2,50,50,50,50,50,50,1,50,1
1516,50,50,2,50,50,50,50,50,50,1,50,1
1517,50,50,2,50,50,50,50,50,50,1,50,1
1518,50,50,2,50,50,50,50,50,50,1,50,1
1519,50,50,2,50,50,50,50,50,50,1,50,1
1520,50,50,2,50,50,50,50,50,50,1,50,1
1521,50,50,2,50,50,50,50,50,50,1,50,1
1522,50,50,2,50,50,50,50,50,50,1,50,1
1523,50,50,2,50,50,50,50,50,50,1,50,1
1524,50,50,2,50,50,50,50,50,50,1,50,1
1525,50,50,2,50,50,50,50,50,50,1,50,1
1526,50,50,2,50,50,50,50,50,50,1,50,1
1527,50,50,2,50,50,50,50,50,50,1,50,1
1528,50,50,2,50,50,50,50,50,50,1,50,1
1529,50,50,2,50,50,50,50,50,50,1,50,1
1530,50,50,2,50,50,50,50,50,50,1,50,1
1531,50,50,2,50,50,50,50,50,50,1,50,1
1532,50,50,2,50,50,50,50,50,50,1,50,1
1533,50,50,2,50,50,50,50,50,50,1,50,1
1534,50,50,2,50,50,50,50,50,50,1,50,1
1535,50,50,2,50,50,50,50,50,50,1,50,1
1536,50,50,2,50,50,50,50,50,50,1,50,1
1537,50,50,2,50,50,50,50,50,50,1,50,1
1538,50,50,2,50,50,50,50,50,50,1,50,1
1539,50,50,2,50,50,50,50,50,50,1,50,1
1540,50,50,2,50,50,50,50,50,50,1,50,1
1541,50,50,2,50,50,50,50,50,50,1,50,1
1542,50,50,2,50,50,50,50,50,50,1,50,1
1543,50,50,2,50,50,50,50,50,50,1,50,1
1544,50,50,2,50,50,50,50,50,50,1,50,1
1545,50,50,2,50,50,50,50,50,50,1,50,1
1546,50,50,2,50,50,50,50,50,50,1,50,1
1547,50,50,2,50,50,50,50,50,50,1,50,1
1548,50,50,2,50,50,50,50,50,50,1,50,1
1549,50,50,2,50,50,50,50,50,50,1,50,1
1550,50,50,2,50,50,50,50,50,50,1,50,1
1551,50,50,2,50,50,50,50,50,50,1,50,1
1552,50,50,2,50,50,50,50,50,50,1,50,1
1553,50,50,2,50,50,50,50,50,50,1,50,1
1554,50,50,2,50,50,50,50,50,50,1,50,1
1555,50,50,2,50,50,50,50,50,50,1,50,1
1556,50,50,2,50,50,50,50,50,50,1,50,1
1557,50,50,2,50,50,50,50,50,50,1,50,1
1558,50,50,2,50,50,50,50,50,50,1,50,1
1559,50,50,2,50,50,50,50,50,50,1,50,1
1560,50,50,2,50,50,50,50,50,50,1,50,1
1561,50,50,2,50,50,50,50,50,50,1,50,1
1562,50,50,2,50,50,50,50,50,50,1,50,1
1563,50,50,2,50,50,50,50,50,50,1,50,1
1564,50,50,2,50,50,50,50,50,50,1,50,1
1565,50,50,2,50,50,50,50,50,50,1,50,1
1566,50,50,2,50,50,50,50,50,50,1,50,1
1567,50,50,2,50,50,50,50,50,50,1,50,1
1568,50,50,2,50,50,50,50,50,50,1,50,1
1569,50,50,2,50,50,50,50,50,50,1,50,1
1570,50,50,2,50,50,50,50,50,50,1,50,1
1571,50,50,2,50,50,50,50,50,50,1,50,1
1572,50,50,2,50,50,50,50,50,50,1,50,1
1573,50,50,2,50,50,50,50,50,50,1,50,1
1574,50,50,2,50,50,50,50,50,50,1,50,1
1575,50,50,2,50,50,50,50,50,50,1,50,1
1576,50,50,2,50,50,50,50,50,50,1,50,1
1577,50,50,2,50,50,50,50,50,50,1,50,1
1578,50,50,2,50,50,50,50,50,50,1,50,1
1579,50,50,2,50,50,50,50,50,50,1,50,1
1580,50,50,2,50,50,50,50,50,50,1,50,1
1581,50,50,2,50,50,50,50,50,50,1,50,1
1582,50,50,2,50,50,50,50,50,50,1,50,1
1583,50,50,2,50,50,50,50,50,50,1,50,1
1584,50,50,2,50,50,50,50,50,50,1,50,1
1585,50,50,2,50,50,50,50,50,50,1,50,1
1586,50,50,2,50,50,50,50,50,50,1,50,1
1587,50,50,2,50,50,50,50,50,50,1,50,1
1588,50,50,2,50,50,50,50,50,50,1,50,1
1589,50,50,2,50,50,50,50,50,50,1,50,1
1590,50,50,2,50,50,50,50,50,50,1,50,1
1591,50,50,2,50,50,50,50,50,50,1,50,1
1592,50,50,2,50,50,50,50,50,50,1,50,1
1593,50,50,2,50,50,50,50,50,50,1,50,1
1594,50,50,2,50,50,50,50,50,50,1,50,1
1595,50,50,2,50,50,50,50,50,50,1,50,1
1596,50,50,2,50,50,50,50,50,50,1,50,1
1597,50,50,2,50,50,50,50,50,50,1,50,1
1598,50,50,2,50,50,50,50,50,50,1,50,1
1599,50,50,2,50,50,50,50,50,50,1,50,1
1600,50,50,2,50,50,50,50,50,50,1,50,1
1601,50,50,2,50,50,50,50,50,50,1,50,1
1602,50,50,2,50,50,50,50,50,50,1,50,1
1603,50,50,2,50,50,50,50,50,50,1,50,1
1604,50,50,2,50,50,50,50,50,50,1,50,1
1605,50,50,2,50,50,50,50,50,50,1,50,1
1606,50,50,2,50,50,50,50,50,50,1,50,1
1607,50,50,2,50,50,50,50,50,50,1,50,1
1608,50,50,2,50,50,50,50,50,50,1,50,1
1609,50,50,2,50,50,50,50,50,50,1,50,1
1610,50,50,2,50,50,50,50,50,50,1,50,1
1611,50,50,2,50,50,50,50,50,50,1,50,1
1612,50,50,2,50,50,50,50,50,50,1,50,1
1613,50,50,2,50,50,50,50,50,50,1,50,1
1614,50,50,2,50,50,50,50,50,50,1,50,1
1615,50,50,2,50,50,50,50,50,50,1,50,1
1616,50,50,2,50,50,50,50,50,50,1,50,1
1617,50,50,2,50,50,50,50,50,50,1,50,1
1618,50,50,2,50,50,50,50,50,50,1,50,1
1619,50,50,2,50,50,50,50,50,50,1,50,1
1620,50,50,2,50,50,50,50,50,50,1,50,1
1621,50,50,2,50,50,50,50,50,50,1,50,1
1622,50,50,2,50,50,50,50,50,50,1,50,1
1623,50,50,2,50,50,50,50,50,50,1,50,1
1624,50,50,2,50,50,50,50,50,50,1,50,1
1625,50,50,2,50,50,50,50,50,50,1,50,1
1626,50,50,2,50,50,50,50,50,50,1,50,1
1627,50,50,2,50,50,50,50,50,50,1,50,1
1628,50,50,2,50,50,50,50,50,50,1,50,1
1629,50,50,2,50,50,50,50,50,50,1,50,1
1630,50,50,2,50,50,50,50,50,50,1,50,1
1631,50,50,2,50,50,50,50,50,50,1,50,1
1632,50,50,2,50,50,50,50,50,50,1,50,1
1633,50,50,2,50,50,50,50,50,50,1,50,1
1634,50,50,2,50,50,50,50,50,50,1,50,1
1635,50,50,2,50,50,50,50,50,50,1,50,1
1636,50,50,2,50,50,50,50,50,50,1,50,1
1637,50,50,2,50,50,50,50,50,50,1,50,1
1638,50,50,2,50,50,50,50,50,50,1,50,1
1639,50,50,2,50,50,50,50,50,50,1,50,1
1640,50,50,2,50,50,50,50,50,50,1,50,1
1641,50,50,2,50,50,50,50,50,50,1,50,1
1642,50,50,2,50,50,50,50,50,50,1,50,1
1643,50,50,2,50,50,50,50,50,50,1,50,1
1644,50,50,2,50,50,50,50,50,50,1,50,1
1645,50,50,2,50,50,50,50,50,50,1,50,1
1646,50,50,2,50,50,50,50,50,50,1,50,1
1647,50,50,2,50,50,50,50,50,50,1,50,1
1648,50,50,2,50,50,50,50,50,50,1,50,1
1649,50,50,2,50,50,50,50,50,50,1,50,1
1650,50,50,2,50,50,50,50,50,50,1,50,1
1651,50,50,2,50,50,50,50,50,50,1,50,1
1652,50,50,2,50,50,50,50,50,50,1,50,1
1653,50,50,2,50,50,50,50,50,50,1,50,1
1654,50,50,2,50,50,50,50,50,50,1,50,1
1655,50,50,2,50,50,50,50,50,50,1,50,1
1656,50,50,2,50,50,50,50,50,50,1,50,1
1657,50,50,2,50,50,50,50,50,50,1,50,1
1658,50,50,2,50,50,50,50,50,50,1,50,1
1659,50,50,2,50,50,50,50,50,50,1,50,1
1660,50,50,2,50,50,50,50,50,50,1,50,1
1661,50,50,2,50,50,50,50,50,50,1,50,1
1662,50,50,2,50,50,50,50,50,50,1,50,1
1663,50,50,2,50,50,50,50,50,50,1,50,1
1664,50,50,2,50,50,50,50,50,50,1,50,1
1665,50,50,2,50,50,50,50,50,50,1,50,1
1666,50,50,2,50,50,50,50,50,50,1,50,1
1667,50,50,2,50,50,50,50,50,50,1,50,1
1668,50,50,2,50,50,50,50,50,50,1,50,1
1669,50,50,2,50,50,50,50,50,50,1,50,1
1670,50,50,2,50,50,50,50,50,50,1,50,1
1671,50,50,2,50,50,50,50,50,50,1,50,1
1672,50,50,2,50,50,50,50,50,50,1,50,1
1673,50,50,2,50,50,50,50,50,50,1,50,1
1674,50,50,2,50,50,50,50,50,50,1,50,1
1675,50,50,2,50,50,50,50,50,50,1,50,1
1676,50,50,2,50,50,50,50,50,50,1,50,1
1677,50,50,2,50,50,50,50,50,50,1,50,1
1678,50,50,2,50,50,50,50,50,50,1,50,1
1679,50,50,2,50,50,50,50,50,50,1,50,1
1680,50,50,2,50,50,50,50,50,50,1,50,1
1681,50,50,2,50,50,50,50,50,50,1,50,1
1682,50,50,2,50,50,50,50,50,50,1,50,1
1683,50,50,2,50,50,50,50,50,50,1,50,1
1684,50,50,2,50,50,50,50,50,50,1,50,1
1685,50,50,2,50,50,50,50,50,50,1,50,1
1686,50,50,2,50,50,50,50,50,50,1,50,1
1687,50,50,2,50,50,50,50,50,50,1,50,1
1688,50,50,2,50,50,50,50,50,50,1,50,1
1689,50,50,2,50,50,50,50,50,50,1,50,1
1690,50,50,2,50,50,50,50,50,50,1,50,1
1691,50,50,2,50,50,50,50,50,50,1,50,1
1692,50,50,2,50,50,50,50,50,50,1,50,1
1693,50,50,2,50,50,50,50,50,50,1,50,1
1694,50,50,2,50,50,50,50,50,50,1,50,1
1695,50,50,2,50,50,50,50,50,50,1,50,1
1696,50,50,2,50,50,50,50,50,50,1,50,1
1697,50,50,2,50,50,50,50,50,50,1,50,1
1698,50,50,2,50,50,50,50,50,50,1,50,1
1699,50,50,2,50,50,50,50,50,50,1,50,1
1700,50,50,2,50,50,50,50,50,50,1,50,1
1701,50,50,2,50,50,50,50,50,50,1,50,1
1702,50,50,2,50,50,50,50,50,50,1,50,1
1703,50,50,2,50,50,50,50,50,50,1,50,1
1704,50,50,2,50,50,50,50,50,50,1,50,1
1705,50,50,2,50,50,50,50,50,50,1,50,1
1706,50,50,2,50,50,50,50,50,50,1,50,1
1707,50,50,2,50,50,50,50,50,50,1,50,1
1708,50,50,2,50,50,50,50,50,50,1,50,1
1709,50,50,2,50,50,50,50,50,50,1,50,1
1710,50,50,2,50,50,50,50,50,50,1,50,1
1711,50,50,2,50,50,50,50,50,50,1,50,1
1712,50,50,2,50,50,50,50,50,50,1,50,1
1713,50,50,2,50,50,50,50,50,50,1,50,1
1714,50,50,2,50,50,50,50,50,50,1,50,1
1715,50,50,2,50,50,50,50,50,50,1,50,1
1716,50,50,2,50,50,50,50,50,50,1,50,1
1717,50,50,2,50,50,50,50,50,50,1,50,1
1718,50,50,2,50,50,50,50,50,50,1,50,1
1719,50,50,2,50,50,50,50,50,50,1,50,1
1720,50,50,2,50,50,50,50,50,50,1,50,1
1721,50,50,2,50,50,50,50,50,50,1,50,1
1722,50,50,2,50,50,50,50,50,50,1,50,1
1723,50,50,2,50,50,50,50,50,50,1,50,1
1724,50,50,2,50,50,50,50,50,50,1,50,1
1725,50,50,2,50,50,50,50,50,50,1,50,1
1726,50,50,2,50,50,50,50,50,50,1,50,1
1727,50,50,2,50,50,50,50,50,50,1,50,1
1728,50,50,2,50,50,50,50,50,50,1,50,1
1729,50,50,2,50,50,50,50,50,50,1,50,1
1730,50,50,2,50,50,50,50,50,50,1,50,1
1731,50,50,2,50,50,50,50,50,50,1,50,1
1732,50,50,2,50,50,50,50,50,50,1,50,1
1733,50,50,2,50,50,50,50,50,50,1,50,1
1734,50,50,2,50,50,50,50,50,50,1,50,1
1735,50,50,2,50,50,50,50,50,50,1,50,1
1736,50,50,2,50,50,50,50,50,50,1,50,1
1737,50,50,2,50,50,50,50,50,50,1,50,1
1738,50,50,2,50,50,50,50,50,50,1,50,1
1739,50,50,2,50,50,50,50,50,50,1,50,1
1740,50,50,2,50,50,50,50,50,50,1,50,1
1741,50,50,2,50,50,50,50,50,50,1,50,1
1742,50,50,2,50,50,50,50,50,50,1,50,1
1743,50,50,2,50,50,50,50,50,50,1,50,1
1744,50,50,2,50,50,50,50,50,50,1,50,1
1745,50,50,2,50,50,50,50,50,50,1,50,1
1746,50,50,2,50,50,50,50,50,50,1,50,1
1747,50,50,2,50,50,50,50,50,50,1,50,1
1748,50,50,2,50,50,50,50,50,50,1,50,1
1749,50,50,2,50,50,50,50,50,50,1,50,1
1750,50,50,2,50,50,50,50,50,50,1,50,1
1751,50,50,2,50,50,50,50,50,50,1,50,1
1752,50,50,2,50,50,50,50,50,50,1,50,1
1753,50,50,2,50,50,50,50,50,50,1,50,1
1754,50,50,2,50,50,50,50,50,50,1,50,1
1755,50,50,2,50,50,50,50,50,50,1,50,1
1756,50,50,2,50,50,50,50,50,50,1,50,1
1757,50,50,2,50,50,50,50,50,50,1,50,1
1758,50,50,2,50,50,50,50,50,50,1,50,1
1759,50,50,2,50,50,50,50,50,50,1,50,1
1760,50,50,2,50,50,50,50,50,50,1,50,1
1761,50,50,2,50,50,50,50,50,50,1,50,1
1762,50,50,2,50,50,50,50,50,50,1,50,1
1763,50,50,2,50,50,50,50,50,50,1,50,1
1764,50,50,2,50,50,50,50,50,50,1,50,1
1765,50,50,2,50,50,50,50,50,50,1,50,1
1766,50,50,2,50,50,50,50,50,50,1,50,1
1767,50,50,2,50,50,50,50,50,50,1,50,1
1768,50,50,2,50,50,50,50,50,50,1,50,1
1769,50,50,2,50,50,50,50,50,50,1,50,1
1770,50,50,2,50,50,50,50,50,50,1,50,1
1771,50,50,2,50,50,50,50,50,50,1,50,1
1772,50,50,2,50,50,50,50,50,50,1,50,1
1773,50,50,2,50,50,50,50,50,50,1,50,1
1774,50,50,2,50,50,50,50,50,50,1,50,1
1775,50,50,2,50,50,50,50,50,50,1,50,1
1776,50,50,2,50,50,50,50,50,50,1,50,1
1777,50,50,2,50,50,50,50,50,50,1,50,1
1778,50,50,2,50,50,50,50,50,50,1,50,1
1779,50,50,2,50,50,50,50,50,50,1,50,1
1780,50,50,2,50,50,50,50,50,50,1,50,1
1781,50,50,2,50,50,50,50,50,50,1,50,1
1782,50,50,2,50,50,50,50,50,50,1,50,1
1783,50,50,2,50,50,50,50,50,50,1,50,1
1784,50,50,2,50,50,50,50,50,50,1,50,1
1785,50,50,2,50,50,50,50,50,50,1,50,1
1786,50,50,2,50,50,50,50,50,50,1,50,1
1787,50,50,2,50,50,50,50,50,50,1,50,1
1788,50,50,2,50,50,50,50,50,50,1,50,1
1789,50,50,2,50,50,50,50,50,50,1,50,1
1790,50,50,2,50,50,50,50,50,50,1,50,1
1791,50,50,2,50,50,50,50,50,50,1,50,1
1792,50,50,2,50,50,50,50,50,50,1,50,1
1793,50,50,2,50,50,50,50,50,50,1,50,1
1794,50,50,2,50,50,50,50,50,50,1,50,1
1795,50,50,2,50,50,50,50,50,50,1,50,1
1796,50,50,2,50,50,50,50,50,50,1,50,1
1797,50,50,2,50,50,50,50,50,50,1,50,1
1798,50,50,2,50,50,50,50,50,50,1,50,1
1799,50,50,2,50,50,50,50,50,50,1,50,1
1800,50,50,2,50,50,50,50,50,50,1,50,1
1801,50,50,2,50,50,50,50,50,50,1,50,1
1802,50,50,2,50,50,50,50,50,50,1,50,1
1803,50,50,2,50,50,50,50,50,50,1,50,1
1804,50,50,2,50,50,50,50,50,50,1,50,1
1805,50,50,2,50,50,50,50,50,50,1,50,1
1806,50,50,2,50,50,50,50,50,50,1,50,1
1807,50,50,2,50,50,50,50,50,50,1,50,1
1808,50,50,2,50,50,50,50,50,50,1,50,1
1809,50,50,2,50,50,50,50,50,50,1,50,1
1810,50,50,2,50,50,50,50,50,50,1,50,1
1811,50,50,2,50,50,50,50,50,50,1,50,1
1812,50,50,2,50,50,50,50,50,50,1,50,1
1813,50,50,2,50,50,50,50,50,50,1,50,1
1814,50,50,2,50,50,50,50,50,50,1,50,1
1815,50,50,2,50,50,50,50,50,50,1,50,1
1816,50,50,2,50,50,50,50,50,50,1,50,1
1817,50,50,2,50,50,50,50,50,50,1,50,1
1818,50,50,2,50,50,50,50,50,50,1,50,1
1819,50,50,2,50,50,50,50,50,50,1,50,1
1820,50,50,2,50,50,50,50,50,50,1,50,1
1821,50,50,2,50,50,50,50,50,50,1,50,1
1822,50,50,2,50,50,50,50,50,50,1,50,1
1823,50,50,2,50,50,50,50,50,50,1,50,1
1824,50,50,2,50,50,50,50,50,50,1,50,1
1825,50,50,2,50,50,50,50,50,50,1,50,1
1826,50,50,2,50,50,50,50,50,50,1,50,1
1827,50,50,2,50,50,50,50,50,50,1,50,1
1828,50,50,2,50,50,50,50,50,50,1,50,1
1829,50,50,2,50,50,50,50,50,50,1,50,1
1830,50,50,2,50,50,50,50,50,50,1,50,1
1831,50,50,2,50,50,50,50,50,50,1,50,1
1832,50,50,2,50,50,50,50,50,50,1,50,1
1833,50,50,2,50,50,50,50,50,50,1,50,1
1834,50,50,2,50,50,50,50,50,50,1,50,1
1835,50,50,2,50,50,50,50,50,50,1,50,1
1836,50,50,2,50,50,50,50,50,50,1,50,1
1837,50,50,2,50,50,50,50,50,50,1,50,1
1838,50,50,2,50,50,50,50,50,50,1,50,1
1839,50,50,2,50,50,50,50,50,50,1,50,1
1840,50,50,2,50,50,50,50,50,50,1,50,1
1841,50,50,2,50,50,50,50,50,50,1,50,1
1842,50,50,2,50,50,50,50,50,50,1,50,1
1843,50,50,2,50,50,50,50,50,50,1,50,1
1844,50,50,2,50,50,50,50,50,50,1,50,1
1845,50,50,2,50,50,50,50,50,50,1,50,1
1846,50,50,2,50,50,50,50,50,50,1,50,1
1847,50,50,2,50,50,50,50,50,50,1,50,1
1848,50,50,2,50,50,50,50,50,50,1,50,1
1849,50,50,2,50,50,50,50,50,50,1,50,1
1850,50,50,2,50,50,50,50,50,50,1,50,1
1851,50,50,2,50,50,50,50,50,50,1,50,1
1852,50,50,2,50,50,50,50,50,50,1,50,1
1853,50,50,2,50,50,50,50,50,50,1,50,1
1854,50,50,2,50,50,50,50,50,50,1,50,1
1855,50,50,2,50,50,50,50,50,50,1,50,1
1856,50,50,2,50,50,50,50,50,50,1,50,1
1857,50,50,2,50,50,50,50,50,50,1,50,1
1858,50,50,2,50,50,50,50,50,50,1,50,1
1859,50,50,2,50,50,50,50,50,50,1,50,1
1860,50,50,2,50,50,50,50,50,50,1,50,1
1861,50,50,2,50,50,50,50,50,50,1,50,1
1862,50,50,2,50,50,50,50,50,50,1,50,1
1863,50,50,2,50,50,50,50,50,50,1,50,1
1864,50,50,2,50,50,50,50,50,50,1,50,1
1865,50,50,2,50,50,50,50,50,50,1,50,1
1866,50,50,2,50,50,50,50,50,50,1,50,1
1867,50,50,2,50,50,50,50,50,50,1,50,1
1868,50,50,2,50,50,50,50,50,50,1,50,1
1869,50,50,2,50,50,50,50,50,50,1,50,1
1870,50,50,2,50,50,50,50,50,50,1,50,1
1871,50,50,2,50,50,50,50,50,50,1,50,1
1872,50,50,2,50,50,50,50,50,50,1,50,1
1873,50,50,2,50,50,50,50,50,50,1,50,1
1874,50,50,2,50,50,50,50,50,50,1,50,1
1875,50,50,2,50,50,50,50,50,50,1,50,1
1876,50,50,2,50,50,50,50,50,50,1,50,1
1877,50,50,2,50,50,50,50,50,50,1,50,1
1878,50,50,2,50,50,50,50,50,50,1,50,1
1879,50,50,2,50,50,50,50,50,50,1,50,1
1880,50,50,2,50,50,50,50,50,50,1,50,1
1881,50,50,2,50,50,50,50,50,50,1,50,1
1882,50,50,2,50,50,50,50,50,50,1,50,1
1883,50,50,2,50,50,50,50,50,50,1,50,1
1884,50,50,2,50,50,50,50,50,50,1,50,1
1885,50,50,2,50,50,50,50,50,50,1,50,1
1886,50,50,2,50,50,50,50,50,50,1,50,1
1887,50,50,2,50,50,50,50,50,50,1,50,1
1888,50,50,2,50,50,50,50,50,50,1,50,1
1889,50,50,2,50,50,50,50,50,50,1,50,1
1890,50,50,2,50,50,50,50,50,50,1,50,1
1891,50,50,2,50,50,50,50,50,50,1,50,1
1892,50,50,2,50,50,50,50,50,50,1,50,1
1893,50,50,2,50,50,50,50,50,50,1,50,1
1894,50,50,2,50,50,50,50,50,50,1,50,1
1895,50,50,2,50,50,50,50,50,50,1,50,1
1896,50,50,2,50,50,50,50,50,50,1,50,1
1897,50,50,2,50,50,50,50,50,50,1,50,1
1898,50,50,2,50,50,50,50,50,50,1,50,1
1899,50,50,2,50,50,50,50,50,50,1,50,1
1900,50,50,2,50,50,50,50,50,50,1,50,1
1901,50,50,2,50,50,50,50,50,50,1,50,1
1902,50,50,2,50,50,50,50,50,50,1,50,1
1903,50,50,2,50,50,50,50,50,50,1,50,1
1904,50,50,2,50,50,50,50,50,50,1,50,1
1905,50,50,2,50,50,50,50,50,50,1,50,1
1906,50,50,2,50,50,50,50,50,50,1,50,1
1907,50,50,2,50,50,50,50,50,50,1,50,1
1908,50,50,2,50,50,50,50,50,50,1,50,1
1909,50,50,2,50,50,50,50,50,50,1,50,1
1910,50,50,2,50,50,50,50,50,50,1,50,1
1911,50,50,2,50,50,50,50,50,50,1,50,1
1912,50,50,2,50,50,50,50,50,50,1,50,1
1913,50,50,2,50,50,50,50,50,50,1,50,1
1914,50,50,2,50,50,50,50,50,50,1,50,1
1915,50,50,2,50,50,50,50,50,50,1,50,1
1916,50,50,2,50,50,50,50,50,50,1,50,1
1917,50,50,2,50,50,50,50,50,50,1,50,1
1918,50,50,2,50,50,50,50,50,50,1,50,1
1919,50,50,2,50,50,50,50,50,50,1,50,1
1920,50,50,2,50,50,50,50,50,50,1,50,1
1921,50,50,2,50,50,50,50,50,50,1,50,1
1922,50,50,2,50,50,50,50,50,50,1,50,1
1923,50,50,2,50,50,50,50,50,50,1,50,1
1924,50,50,2,50,50,50,50,50,50,1,50,1
1925,50,50,2,50,50,50,50,50,50,1,50,1
1926,50,50,2,50,50,50,50,50,50,1,50,1
1927,50,50,2,50,50,50,50,50,50,1,50,1
1928,50,50,2,50,50,50,50,50,50,1,50,1
1929,50,50,2,50,50,50,50,50,50,1,50,1
1930,50,50,2,50,50,50,50,50,50,1,50,1
1931,50,50,2,50,50,50,50,50,50,1,50,1
1932,50,50,2,50,50,50,50,50,50,1,50,1
1933,50,50,2,50,50,50,50,50,50,1,50,1
1934,50,50,2,50,50,50,50,50,50,1,50,1
1935,50,50,2,50,50,50,50,50,50,1,50,1
1936,50,50,2,50,50,50,50,50,50,1,50,1
1937,50,50,2,50,50,50,50,50,50,1,50,1
1938,50,50,2,50,50,50,50,50,50,1,50,1
1939,50,50,2,50,50,50,50,50,50,1,50,1
1940,50,50,2,50,50,50,50,50,50,1,50,1
1941,50,50,2,50,50,50,50,50,50,1,50,1
1942,50,50,2,50,50,50,50,50,50,1,50,1
1943,50,50,2,50,50,50,50,50,50,1,50,1
1944,50,50,2,50,50,50,50,50,50,1,50,1
1945,50,50,2,50,50,50,50,50,50,1,50,1
1946,50,50,2,50,50,50,50,50,50,1,50,1
1947,50,50,2,50,50,50,50,50,50,1,50,1
1948,50,50,2,50,50,50,50,50,50,1,50,1
1949,50,50,2,50,50,50,50,50,50,1,50,1
1950,50,50,2,50,50,50,50,50,50,1,50,1
1951,50,50,2,50,50,50,50,50,50,1,50,1
1952,50,50,2,50,50,50,50,50,50,1,50,1
1953,50,50,2,50,50,50,50,50,50,1,50,1
1954,50,50,2,50,50,50,50,50,50,1,50,1
1955,50,50,2,50,50,50,50,50,50,1,50,1
1956,50,50,2,50,50,50,50,50,50,1,50,1
1957,50,50,2,50,50,50,50,50,50,1,50,1
1958,50,50,2,50,50,50,50,50,50,1,50,1
1959,50,50,2,50,50,50,50,50,50,1,50,1
1960,50,50,2,50,50,50,50,50,50,1,50,1
1961,50,50,2,50,50,50,50,50,50,1,50,1
1962,50,50,2,50,50,50,50,50,50,1,50,1
1963,50,50,2,50,50,50,50,50,50,1,50,1
1964,50,50,2,50,50,50,50,50,50,1,50,1
1965,50,50,2,50,50,50,50,50,50,1,50,1
1966,50,50,2,50,50,50,50,50,50,1,50,1
1967,50,50,2,50,50,50,50,50,50,1,50,1
1968,50,50,2,50,50,50,50,50,50,1,50,1
1969,50,50,2,50,50,50,50,50,50,1,50,1
1970,50,50,2,50,50,50,50,50,50,1,50,1
1971,50,50,2,50,50,50,50,50,50,1,50,1
1972,50,50,2,50,50,50,50,50,50,1,50,1
1973,50,50,2,50,50,50,50,50,50,1,50,1
1974,50,50,2,50,50,50,50,50,50,1,50,1
1975,50,50,2,50,50,50,50,50,50,1,50,1
1976,50,50,2,50,50,50,50,50,50,1,50,1
1977,50,50,2,50,50,50,50,50,50,1,50,1
1978,50,50,2,50,50,50,50,50,50,1,50,1
1979,50,50,2,50,50,50,50,50,50,1,50,1
1980,50,50,2,50,50,50,50,50,50,1,50,1
1981,50,50,2,50,50,50,50,50,50,1,50,1
1982,50,50,2,50,50,50,50,50,50,1,50,1
1983,50,50,2,50,50,50,50,50,50,1,50,1
1984,50,50,2,50,50,50,50,50,50,1,50,1
1985,50,50,2,50,50,50,50,50,50,1,50,1
1986,50,50,2,50,50,50,50,50,50,1,50,1
1987,50,50,2,50,50,50,50,50,50,1,50,1
1988,50,50,2,50,50,50,50,50,50,1,50,1
1989,50,50,2,50,50,50,50,50,50,1,50,1
1990,50,50,2,50,50,50,50,50,50,1,50,1
1991,50,50,2,50,50,50,50,50,50,1,50,1
1992,50,50,2,50,50,50,50,50,50,1,50,1
1993,50,50,2,50,50,50,50,50,50,1,50,1
1994,50,50,2,50,50,50,50,50,50,1,50,1
1995,50,50,2,50,50,50,50,50,50,1,50,1
1996,50,50,2,50,50,50,50,50,50,1,50,1
1997,50,50,2,50,50,50,50,50,50,1,50,1
1998,50,50,2,50,50,50,50,50,50,1,50,1
1999,50,50,2,50,50,50,50,50,50,1,50,1
2000,50,50,2,50,50,50,50,50,50,1,50,1
