,adapter_dir,prompt_len,output_len,request_latency,first_token_latency,req_time,interaction_id,req_id,sys_len,app,input99app,sys99app,output99app,priorityfactor,app_limit,llmcalls,llmcalls_made
0,dummy-lora-7b-rank-8-0,178,18,2.6257169246673584,1.5056746006011963,0.0,0,0,0,2,25772,1,522,1,2000,1,1
1,dummy-lora-7b-rank-8-2,532,8,1.7321414947509766,1.5042119026184082,0.0,160977,2,0,2,24866,1,590,1,2000,12,1
2,dummy-lora-7b-rank-8-3,732,2,2.4586048126220703,2.426640510559082,0.0,160976,3,0,2,24866,1,590,1,2000,4,1
3,dummy-lora-7b-rank-8-4,604,1,2.4268481731414795,2.4264724254608154,0.0,160975,4,0,2,24866,1,590,1,2000,4,1
4,dummy-lora-7b-rank-8-5,225,20,3.971558094024658,2.4259324073791504,0.0,157161,5,0,2,14995,1,287,1,2000,1,1
5,dummy-lora-7b-rank-8-6,225,18,3.91697096824646,2.4248158931732178,0.0,157160,6,0,2,14995,1,287,1,2000,1,1
6,dummy-lora-7b-rank-8-7,947,3,2.4832656383514404,2.4237654209136963,0.0,156466,7,0,2,30310,1,518,1,2000,2,1
7,dummy-lora-7b-rank-8-8,44,1,2.423980474472046,2.4237852096557617,0.0,156465,8,0,2,45254,1,733,1,2000,1,1
8,dummy-lora-7b-rank-8-9,44,1,2.4224417209625244,2.421992063522339,0.0,149744,9,0,2,45254,1,733,1,2000,3,1
9,dummy-lora-7b-rank-8-10,1459,61,8.809380054473877,2.4214694499969482,0.0,149743,10,0,2,45254,1,733,1,2000,1,1
10,dummy-lora-7b-rank-8-11,414,4,2.507234573364258,2.4209113121032715,0.0,149742,11,0,2,45254,1,733,1,2000,2,1
11,dummy-lora-7b-rank-8-12,212,33,6.05815315246582,2.41928768157959,0.0,149741,12,0,2,45254,1,733,1,2000,1,1
12,dummy-lora-7b-rank-8-13,711,77,11.2017502784729,2.417870283126831,0.0,149740,13,0,2,39047,1,1325,1,2000,1,1
13,dummy-lora-7b-rank-8-3,140,1,2.4178669452667236,2.417618989944458,0.0,160976,14,0,2,24866,1,590,1,2000,4,2
14,dummy-lora-7b-rank-8-14,959,9,2.639662981033325,2.4166665077209473,0.0,142163,15,0,2,56808,1,157,1,2000,1,1
15,dummy-lora-7b-rank-8-14,197,6,2.556527614593506,2.415126323699951,0.0,142160,17,0,2,56808,1,157,1,2000,1,1
16,dummy-lora-7b-rank-8-14,1282,12,3.739946126937866,2.4145686626434326,0.0,129887,20,0,2,56808,1,157,1,2000,1,1
17,dummy-lora-7b-rank-8-15,471,1,2.4132943153381348,2.4130842685699463,0.0,129886,21,0,2,23936,1,634,1,2000,3,3
18,dummy-lora-7b-rank-8-17,726,3,2.47068452835083,2.410997152328491,0.0,125897,23,0,2,23936,1,634,1,2000,5,2
19,dummy-lora-7b-rank-8-17,64,1,2.410659074783325,2.410252571105957,0.0,125897,24,0,2,23936,1,634,1,2000,5,1
20,dummy-lora-7b-rank-8-19,224,1,2.410020351409912,2.4098455905914307,0.0,125894,27,0,2,23936,1,634,1,2000,4,1
21,dummy-lora-7b-rank-8-20,661,3,3.761655330657959,3.6919214725494385,0.0,125893,28,0,2,23936,1,634,1,2000,1,1
22,dummy-lora-7b-rank-8-14,828,8,4.957973480224609,4.749511241912842,0.0,142162,29,0,2,56808,1,157,1,2000,1,1
23,dummy-lora-7b-rank-8-14,219,1,4.748115539550781,4.747571706771851,0.0,125892,30,0,2,1957,1,11,1,2000,1,1
24,dummy-lora-7b-rank-8-21,904,11,3.981647253036499,3.688523530960083,0.0,160979,31,0,2,24866,1,590,1,2000,3,1
25,dummy-lora-7b-rank-8-22,358,6,3.8408095836639404,3.6867175102233887,0.0,160981,32,0,2,24866,1,590,1,2000,1,1
26,dummy-lora-7b-rank-8-23,658,7,3.86769437789917,3.686711072921753,0.0,160980,33,0,2,24866,1,590,1,2000,4,2
27,dummy-lora-7b-rank-8-24,742,2,3.7276647090911865,3.6856350898742676,0.0,160995,34,0,2,24866,1,590,1,2000,5,2
28,dummy-lora-7b-rank-8-25,653,5,3.810059070587158,3.6844630241394043,0.0,160990,35,0,2,24866,1,590,1,2000,4,2
29,dummy-lora-7b-rank-8-26,45,1,3.6839046478271484,3.6833865642547607,0.0,160999,36,0,2,24866,1,590,1,2000,7,1
30,dummy-lora-7b-rank-8-27,447,4,3.780146598815918,3.6811611652374268,0.0,160997,37,0,2,24866,1,590,1,2000,2,2
31,dummy-lora-7b-rank-8-28,83,1,3.6817166805267334,3.68117094039917,0.0,160998,38,0,2,24866,1,590,1,2000,4,1
32,dummy-lora-7b-rank-8-27,364,4,3.7778143882751465,3.6808078289031982,0.0,160997,39,0,2,24866,1,590,1,2000,2,1
33,dummy-lora-7b-rank-8-29,606,7,3.8601341247558594,3.678762674331665,0.0,160996,40,0,2,24866,1,590,1,2000,1,1
34,dummy-lora-7b-rank-8-24,122,1,3.67873215675354,3.678617477416992,0.0,160995,41,0,2,24866,1,590,1,2000,5,1
35,dummy-lora-7b-rank-8-30,67,1,3.677269697189331,3.6767170429229736,0.0,160994,42,0,2,24866,1,590,1,2000,4,1
36,dummy-lora-7b-rank-8-31,1457,1,3.6761598587036133,3.6755707263946533,0.0,160993,43,0,2,24866,1,590,1,2000,2,1
37,dummy-lora-7b-rank-8-32,866,4,3.7726852893829346,3.6746819019317627,0.0,160986,44,0,2,24866,1,590,1,2000,4,2
38,dummy-lora-7b-rank-8-33,1306,18,4.940519332885742,3.6741015911102295,0.0,160992,45,0,2,24866,1,590,1,2000,1,1
39,dummy-lora-7b-rank-8-23,67,1,3.6730456352233887,3.672523260116577,0.0,160980,46,0,2,24866,1,590,1,2000,4,1
40,dummy-lora-7b-rank-8-34,997,1,3.6710338592529297,3.670438051223755,0.0,160991,47,0,2,24866,1,590,1,2000,2,1
41,dummy-lora-7b-rank-8-35,746,1,3.6705899238586426,3.670008897781372,0.0,160985,48,0,2,24866,1,590,1,2000,3,2
42,dummy-lora-7b-rank-8-37,561,3,3.739030122756958,3.6690897941589355,0.0,160982,50,0,2,24866,1,590,1,2000,4,4
43,dummy-lora-7b-rank-8-38,1139,4,3.766167163848877,3.668773889541626,0.0,160988,51,0,2,24866,1,590,1,2000,4,1
44,dummy-lora-7b-rank-8-39,116,1,3.6675310134887695,3.666982650756836,0.0,160987,52,0,2,24866,1,590,1,2000,2,1
45,dummy-lora-7b-rank-8-32,234,1,3.666249990463257,3.66571044921875,0.0,160986,53,0,2,24866,1,590,1,2000,4,1
46,dummy-lora-7b-rank-8-37,409,2,3.706700563430786,3.6646862030029297,0.0,160982,54,0,2,24866,1,590,1,2000,4,3
47,dummy-lora-7b-rank-8-35,113,1,3.6640641689300537,3.663473606109619,0.0,160985,55,0,2,24866,1,590,1,2000,3,1
48,dummy-lora-7b-rank-8-40,867,1,3.662862539291382,3.662278652191162,0.0,160984,56,0,2,24866,1,590,1,2000,4,1
49,dummy-lora-7b-rank-8-37,364,2,4.747659206390381,4.719259738922119,0.0,160982,57,0,2,24866,1,590,1,2000,4,2
50,dummy-lora-7b-rank-8-41,1863,1,3.6607630252838135,3.6602048873901367,0.0,160983,58,0,2,24866,1,590,1,2000,2,1
51,dummy-lora-7b-rank-8-37,447,2,4.745205640792847,4.717165470123291,0.0,160982,59,0,2,24866,1,590,1,2000,4,1
52,dummy-lora-7b-rank-8-42,510,2,4.744501113891602,4.716214656829834,0.0,43233,60,0,2,24866,1,590,1,2000,1,1
53,dummy-lora-7b-rank-8-25,63,1,4.715928316116333,4.715773820877075,0.0,160990,61,0,2,24866,1,590,1,2000,4,1
54,dummy-lora-7b-rank-8-3,533,4,4.79833984375,4.7146897315979,0.0,161000,62,0,2,24866,1,590,1,2000,1,1
55,dummy-lora-7b-rank-8-14,100,1,4.712609529495239,4.712092876434326,0.0,125891,63,0,2,1957,1,11,1,2000,1,1
56,dummy-lora-7b-rank-8-14,186,1,4.712364673614502,4.711865186691284,0.0,112524,64,0,2,1957,1,11,1,2000,1,1
57,dummy-lora-7b-rank-8-43,205,6,4.850247859954834,4.710660457611084,0.0,53181,65,0,2,18182,1,501,1,2000,2,2
58,dummy-lora-7b-rank-8-44,45,1,4.710093021392822,4.709467649459839,0.0,53184,66,0,2,18182,1,501,1,2000,1,1
59,dummy-lora-7b-rank-8-14,50,1,4.709443092346191,4.709143161773682,0.0,53183,67,0,2,18182,1,501,1,2000,1,1
60,dummy-lora-7b-rank-8-45,748,5,4.81978702545166,4.70756983757019,0.0,53182,68,0,2,18182,1,501,1,2000,1,1
61,dummy-lora-7b-rank-8-43,749,5,4.8183913230896,4.706342935562134,0.0,53181,69,0,2,18182,1,501,1,2000,2,1
62,dummy-lora-7b-rank-8-46,89,4,4.789597988128662,4.7053163051605225,0.0,40664,70,0,2,18182,1,501,1,2000,2,2
63,dummy-lora-7b-rank-8-44,89,3,4.7234227657318115,4.66691255569458,0.0,40667,71,0,2,18182,1,501,1,2000,1,1
64,dummy-lora-7b-rank-8-14,205,6,4.803806781768799,4.663556098937988,0.0,40666,72,0,2,18182,1,501,1,2000,3,1
65,dummy-lora-7b-rank-8-44,768,3,4.719805002212524,4.663233518600464,0.0,40665,73,0,2,18182,1,501,1,2000,1,1
66,dummy-lora-7b-rank-8-46,747,3,4.718231201171875,4.661314249038696,0.0,40664,74,0,2,18182,1,501,1,2000,2,1
67,dummy-lora-7b-rank-8-47,155,15,6.014699220657349,4.6600501537323,0.0,40663,75,0,2,4476,1,400,1,2000,1,1
68,dummy-lora-7b-rank-8-48,175,8,4.868112802505493,4.659642934799194,0.0,40662,76,0,2,4476,1,400,1,2000,1,1
69,dummy-lora-7b-rank-8-49,549,17,6.174100875854492,4.658430099487305,0.0,40661,77,0,2,4476,1,400,1,2000,1,1
70,dummy-lora-7b-rank-8-50,1043,8,4.865577936172485,4.656822204589844,0.0,53179,78,0,2,18182,1,501,1,2000,2,2
71,dummy-lora-7b-rank-8-51,164,20,6.1883533000946045,4.656155824661255,0.0,40660,79,0,2,4476,1,400,1,2000,1,1
72,dummy-lora-7b-rank-8-52,514,8,4.863583564758301,4.655092000961304,0.0,29127,80,0,2,4476,1,400,1,2000,1,1
73,dummy-lora-7b-rank-8-53,390,50,9.945823907852173,4.653064727783203,0.0,29126,81,0,2,4476,1,400,1,2000,2,1
74,dummy-lora-7b-rank-8-54,209,12,5.921260833740234,4.652836799621582,0.0,29125,82,0,2,4476,1,400,1,2000,1,1
75,dummy-lora-7b-rank-8-55,539,22,7.197605133056641,4.651773929595947,0.0,29124,83,0,2,4476,1,400,1,2000,1,1
76,dummy-lora-7b-rank-8-14,176,6,4.789832353591919,4.650637149810791,0.0,29123,84,0,2,3510,1,263,1,2000,1,1
77,dummy-lora-7b-rank-8-14,263,29,7.396716356277466,4.64940619468689,0.0,29122,85,0,2,3510,1,263,1,2000,1,1
78,dummy-lora-7b-rank-8-14,155,12,5.916857004165649,4.647707462310791,0.0,29121,86,0,2,3510,1,263,1,2000,1,1
79,dummy-lora-7b-rank-8-14,87,6,4.786601781845093,4.647389650344849,0.0,29120,87,0,2,3510,1,263,1,2000,1,1
80,dummy-lora-7b-rank-8-14,16,1,4.646369695663452,4.646119594573975,0.0,29119,88,0,2,3510,1,263,1,2000,1,1
81,dummy-lora-7b-rank-8-14,136,16,6.024503946304321,4.645247459411621,0.0,6116,89,0,2,3510,1,263,1,2000,1,1
82,dummy-lora-7b-rank-8-14,22,1,4.643946170806885,4.643293857574463,0.0,6115,90,0,2,3510,1,263,1,2000,1,1
83,dummy-lora-7b-rank-8-14,175,10,4.916069507598877,4.643090009689331,0.0,6114,91,0,2,3510,1,263,1,2000,1,1
84,dummy-lora-7b-rank-8-14,167,7,4.80827784538269,4.641947984695435,0.0,6113,92,0,2,3510,1,263,1,2000,1,1
85,dummy-lora-7b-rank-8-56,536,12,5.909395456314087,4.640228509902954,0.0,40659,93,0,2,4476,1,400,1,2000,1,1
86,dummy-lora-7b-rank-8-14,101,1,5.864938974380493,5.864576101303101,0.0,125890,94,0,2,1957,1,11,1,2000,1,1
87,dummy-lora-7b-rank-8-57,192,1,5.863274097442627,5.86263370513916,0.0,53185,95,0,2,18182,1,501,1,2000,1,1
88,dummy-lora-7b-rank-8-44,448,21,7.439046621322632,5.8629372119903564,0.0,53153,96,0,2,18182,1,501,1,2000,4,4
89,dummy-lora-7b-rank-8-14,119,1,5.860323667526245,5.859886407852173,0.0,112523,97,0,2,1957,1,11,1,2000,1,1
90,dummy-lora-7b-rank-8-14,116,1,5.859365701675415,5.85896110534668,0.0,112522,98,0,2,1957,1,11,1,2000,1,1
91,dummy-lora-7b-rank-8-14,172,1,5.858302116394043,5.857885837554932,0.0,112521,99,0,2,1957,1,11,1,2000,1,1
92,dummy-lora-7b-rank-8-44,319,6,6.011400938034058,5.856810092926025,0.0,112520,100,0,2,12115,1,177,1,2000,1,1
93,dummy-lora-7b-rank-8-58,566,5,5.985316038131714,5.856013298034668,0.0,53078,101,0,2,12115,1,177,1,2000,1,1
94,dummy-lora-7b-rank-8-59,342,17,7.322970390319824,5.8548667430877686,0.0,53101,102,0,2,12115,1,177,1,2000,1,1
95,dummy-lora-7b-rank-8-60,1116,7,6.144445896148682,5.854186296463013,0.0,112519,103,0,2,12115,1,177,1,2000,1,1
96,dummy-lora-7b-rank-8-61,422,9,6.155748605728149,5.851933717727661,0.0,112518,104,0,2,12115,1,177,1,2000,1,1
97,dummy-lora-7b-rank-8-62,618,6,6.006167411804199,5.851625919342041,0.0,112517,105,0,2,12115,1,177,1,2000,1,1
98,dummy-lora-7b-rank-8-63,749,6,6.005331516265869,5.85102105140686,0.0,112516,106,0,2,12115,1,177,1,2000,1,1
99,dummy-lora-7b-rank-8-64,393,5,5.978888034820557,5.849527359008789,0.0,112515,107,0,2,12115,1,177,1,2000,1,1
100,dummy-lora-7b-rank-8-65,1014,6,6.002844572067261,5.848338842391968,0.0,112514,108,0,2,12115,1,177,1,2000,1,1
101,dummy-lora-7b-rank-8-66,409,15,7.259650230407715,5.847100496292114,0.0,112513,109,0,2,12115,1,177,1,2000,1,1
102,dummy-lora-7b-rank-8-67,1071,4,5.944301605224609,5.846768617630005,0.0,53186,110,0,2,18182,1,501,1,2000,1,1
103,dummy-lora-7b-rank-8-68,548,5,5.974472522735596,5.845027923583984,0.0,112512,111,0,2,12115,1,177,1,2000,1,1
104,dummy-lora-7b-rank-8-69,393,5,5.973671197891235,5.844624280929565,0.0,112510,112,0,2,12115,1,177,1,2000,1,1
105,dummy-lora-7b-rank-8-70,447,6,5.997732639312744,5.84316873550415,0.0,112509,113,0,2,12115,1,177,1,2000,1,1
106,dummy-lora-7b-rank-8-71,713,6,5.996500730514526,5.841918706893921,0.0,112508,114,0,2,12115,1,177,1,2000,1,1
107,dummy-lora-7b-rank-8-72,413,9,6.143763303756714,5.841122388839722,0.0,53513,115,0,2,12115,1,177,1,2000,1,1
108,dummy-lora-7b-rank-8-73,355,6,5.994210720062256,5.839698076248169,0.0,53512,116,0,2,12115,1,177,1,2000,1,1
109,dummy-lora-7b-rank-8-74,460,8,6.14126992225647,5.838953971862793,0.0,53511,117,0,2,12115,1,177,1,2000,1,1
110,dummy-lora-7b-rank-8-75,625,5,5.966782808303833,5.8373119831085205,0.0,53510,118,0,2,12115,1,177,1,2000,1,1
111,dummy-lora-7b-rank-8-30,166,9,6.139246940612793,5.836215257644653,0.0,53509,119,0,2,12115,1,177,1,2000,1,1
112,dummy-lora-7b-rank-8-76,361,6,5.990004062652588,5.835689306259155,0.0,53508,120,0,2,12115,1,177,1,2000,1,1
113,dummy-lora-7b-rank-8-77,207,5,5.963555574417114,5.83451771736145,0.0,53507,121,0,2,12115,1,177,1,2000,1,1
114,dummy-lora-7b-rank-8-78,556,6,5.987546443939209,5.833054542541504,0.0,53506,122,0,2,12115,1,177,1,2000,1,1
115,dummy-lora-7b-rank-8-79,1330,6,5.986588716506958,5.8319830894470215,0.0,53505,123,0,2,12115,1,177,1,2000,1,1
116,dummy-lora-7b-rank-8-80,176,6,5.9851906299591064,5.830708026885986,0.0,53504,124,0,2,12115,1,177,1,2000,1,1
117,dummy-lora-7b-rank-8-81,469,7,6.120129346847534,5.828551769256592,0.0,112511,125,0,2,12115,1,177,1,2000,1,1
118,dummy-lora-7b-rank-8-14,19,1,5.8287694454193115,5.82840633392334,0.0,6112,126,0,2,3510,1,263,1,2000,1,1
119,dummy-lora-7b-rank-8-26,41,1,7.135495662689209,7.135387182235718,0.0,160999,127,0,2,24866,1,590,1,2000,7,2
120,dummy-lora-7b-rank-8-30,447,2,8.402133464813232,8.371706485748291,0.0,161001,128,0,2,24866,1,590,1,2000,5,2
121,dummy-lora-7b-rank-8-82,553,9,7.347844839096069,7.133117198944092,0.0,237803,129,0,2,9357,1,345,1,2000,1,1
122,dummy-lora-7b-rank-8-83,264,5,7.236412763595581,7.131398916244507,0.0,237802,130,0,2,9357,1,345,1,2000,1,1
123,dummy-lora-7b-rank-8-84,947,2,7.143912076950073,7.130259037017822,0.0,237800,131,0,2,9357,1,345,1,2000,2,2
124,dummy-lora-7b-rank-8-85,1063,3,7.169475555419922,7.128613710403442,0.0,231804,132,0,2,9357,1,345,1,2000,1,1
125,dummy-lora-7b-rank-8-14,45,1,8.366818189620972,8.366532325744629,0.0,231803,133,0,2,9357,1,345,1,2000,2,1
126,dummy-lora-7b-rank-8-57,179,65,14.764052867889404,7.127454996109009,0.0,4471,134,0,2,2558,1,1245,1,2000,14,14
127,dummy-lora-7b-rank-8-57,169,56,13.4867262840271,7.0918097496032715,0.0,4471,135,0,2,2558,1,1245,1,2000,14,13
128,dummy-lora-7b-rank-8-57,171,55,13.457101583480835,7.089517593383789,0.0,4471,136,0,2,2558,1,1245,1,2000,14,12
129,dummy-lora-7b-rank-8-86,447,2,7.101012229919434,7.0876305103302,0.0,231739,137,0,2,24866,1,590,1,2000,5,5
130,dummy-lora-7b-rank-8-87,816,23,9.639128684997559,7.0873496532440186,0.0,231759,138,0,2,24866,1,590,1,2000,2,2
131,dummy-lora-7b-rank-8-88,364,2,7.0992631912231445,7.085501194000244,0.0,231785,139,0,2,24866,1,590,1,2000,2,2
132,dummy-lora-7b-rank-8-89,448,2,7.098844766616821,7.085466623306274,0.0,231786,140,0,2,24866,1,590,1,2000,1,1
133,dummy-lora-7b-rank-8-88,409,2,7.09744668006897,7.083887577056885,0.0,231785,141,0,2,24866,1,590,1,2000,2,1
134,dummy-lora-7b-rank-8-90,751,28,9.774121284484863,7.082521438598633,0.0,53542,142,0,2,14512,1,371,1,2000,1,1
135,dummy-lora-7b-rank-8-91,448,3,7.12247633934021,7.081904411315918,0.0,231783,143,0,2,24866,1,590,1,2000,3,3
136,dummy-lora-7b-rank-8-92,582,9,7.29529070854187,7.080612659454346,0.0,231740,144,0,2,24866,1,590,1,2000,4,4
137,dummy-lora-7b-rank-8-93,668,1,7.07978630065918,7.07961630821228,0.0,231784,145,0,2,24866,1,590,1,2000,1,1
138,dummy-lora-7b-rank-8-94,645,29,9.819908142089844,7.078032493591309,0.0,231676,146,0,2,24866,1,590,1,2000,3,3
139,dummy-lora-7b-rank-8-95,870,1,7.077339172363281,7.076971530914307,0.0,231683,147,0,2,24866,1,590,1,2000,3,3
140,dummy-lora-7b-rank-8-96,826,52,13.357879161834717,7.076106309890747,0.0,231660,148,0,2,24866,1,590,1,2000,3,3
141,dummy-lora-7b-rank-8-97,409,2,7.088494777679443,7.075080156326294,0.0,231767,149,0,2,24866,1,590,1,2000,2,2
142,dummy-lora-7b-rank-8-98,361,4,7.151102304458618,7.073582172393799,0.0,43233,150,0,2,24866,1,590,1,2000,1,1
143,dummy-lora-7b-rank-8-99,855,2,7.085580825805664,7.072332859039307,0.0,231779,151,0,2,24866,1,590,1,2000,2,2
144,dummy-lora-7b-rank-8-91,410,3,7.111876964569092,7.070923328399658,0.0,231783,152,0,2,24866,1,590,1,2000,3,1
145,dummy-lora-7b-rank-8-96,66,1,7.070112705230713,7.069721937179565,0.0,231782,153,0,2,24866,1,590,1,2000,1,1
146,dummy-lora-7b-rank-8-101,889,7,7.229755163192749,7.069436311721802,0.0,231776,155,0,2,24866,1,590,1,2000,2,2
147,dummy-lora-7b-rank-8-102,357,4,7.145444393157959,7.06816840171814,0.0,231777,156,0,2,24866,1,590,1,2000,4,4
148,dummy-lora-7b-rank-8-91,433,3,7.107581377029419,7.06677770614624,0.0,231783,157,0,2,24866,1,590,1,2000,3,2
149,dummy-lora-7b-rank-8-103,1715,1,7.066011905670166,7.065680503845215,0.0,231687,158,0,2,24866,1,590,1,2000,3,3
150,dummy-lora-7b-rank-8-14,1789,109,19.299249410629272,8.302723169326782,0.0,237825,159,0,2,59911,1,1932,1,2000,1,1
151,dummy-lora-7b-rank-8-104,299,95,17.587873458862305,7.0637595653533936,0.0,273192,161,0,2,4653,1,1632,1,2000,10,1
152,dummy-lora-7b-rank-8-105,62,6,7.194825649261475,7.062641143798828,0.0,43233,162,0,2,25718,1,1790,1,2000,1,1
153,dummy-lora-7b-rank-8-106,61,4,8.383983850479126,8.29893445968628,0.0,43233,163,0,2,25718,1,1790,1,2000,1,1
154,dummy-lora-7b-rank-8-106,62,6,8.438098907470703,8.29783296585083,0.0,43233,164,0,2,25718,1,1790,1,2000,1,1
155,dummy-lora-7b-rank-8-106,60,4,8.38215184211731,8.297148942947388,0.0,43233,165,0,2,25718,1,1790,1,2000,1,1
156,dummy-lora-7b-rank-8-14,794,28,10.98768138885498,8.295658349990845,0.0,273061,166,0,2,59911,1,1932,1,2000,1,1
157,dummy-lora-7b-rank-8-14,1586,47,13.478468418121338,8.294412851333618,0.0,273060,167,0,2,59911,1,1932,1,2000,1,1
158,dummy-lora-7b-rank-8-14,690,38,12.260195255279541,8.293253421783447,0.0,273058,169,0,2,59911,1,1932,1,2000,1,1
159,dummy-lora-7b-rank-8-14,787,138,21.547650575637817,8.291773080825806,0.0,273056,171,0,2,59911,1,1932,1,2000,1,1
160,dummy-lora-7b-rank-8-30,432,2,8.25984263420105,8.229393482208252,0.0,161001,190,0,2,24866,1,590,1,2000,5,1
161,dummy-lora-7b-rank-8-108,69,1,8.22893762588501,8.228572607040405,0.0,231781,192,0,2,24866,1,590,1,2000,1,1
162,dummy-lora-7b-rank-8-109,448,3,8.285281419754028,8.227986574172974,0.0,231773,193,0,2,24866,1,590,1,2000,4,3
163,dummy-lora-7b-rank-8-110,325,2,8.256823062896729,8.226836204528809,0.0,43233,194,0,2,24866,1,590,1,2000,1,1
164,dummy-lora-7b-rank-8-102,678,4,8.310445785522461,8.225416898727417,0.0,231749,195,0,2,24866,1,590,1,2000,2,2
165,dummy-lora-7b-rank-8-111,1121,31,10.991018533706665,8.224171161651611,0.0,231661,196,0,2,24866,1,590,1,2000,4,4
166,dummy-lora-7b-rank-8-109,410,3,8.280771017074585,8.22348952293396,0.0,231773,197,0,2,24866,1,590,1,2000,4,2
167,dummy-lora-7b-rank-8-112,363,2,8.252328395843506,8.222315788269043,0.0,231772,198,0,2,24866,1,590,1,2000,6,6
168,dummy-lora-7b-rank-8-112,447,2,8.251189708709717,8.220861196517944,0.0,231772,199,0,2,24866,1,590,1,2000,6,5
169,dummy-lora-7b-rank-8-113,1769,1,8.219911575317383,8.219573974609375,0.0,231688,200,0,2,24866,1,590,1,2000,3,3
170,dummy-lora-7b-rank-8-114,918,117,20.134132385253906,8.218962669372559,0.0,231500,201,0,2,24866,1,590,1,2000,3,3
171,dummy-lora-7b-rank-8-112,561,3,8.27455997467041,8.217134714126587,0.0,231772,202,0,2,24866,1,590,1,2000,6,4
172,dummy-lora-7b-rank-8-115,358,3,8.273305654525757,8.215612888336182,0.0,43233,203,0,2,24866,1,590,1,2000,1,1
173,dummy-lora-7b-rank-8-115,506,3,8.27265453338623,8.21537971496582,0.0,43233,204,0,2,24866,1,590,1,2000,1,1
174,dummy-lora-7b-rank-8-112,471,2,8.243839025497437,8.213448286056519,0.0,231772,205,0,2,24866,1,590,1,2000,6,3
175,dummy-lora-7b-rank-8-116,66,1,8.213064670562744,8.212759733200073,0.0,231774,206,0,2,24866,1,590,1,2000,1,1
176,dummy-lora-7b-rank-8-109,364,3,8.26853322982788,8.21107268333435,0.0,231773,207,0,2,24866,1,590,1,2000,4,1
177,dummy-lora-7b-rank-8-112,119,2,8.23978877067566,8.209763050079346,0.0,231772,208,0,2,24866,1,590,1,2000,6,1
178,dummy-lora-7b-rank-8-38,889,7,9.634552955627441,9.464736700057983,0.0,160988,209,0,2,24866,1,590,1,2000,4,2
179,dummy-lora-7b-rank-8-39,608,7,9.632747888565063,9.462707996368408,0.0,160987,212,0,2,24866,1,590,1,2000,2,2
180,dummy-lora-7b-rank-8-30,561,3,10.767229557037354,10.709665536880493,0.0,161001,213,0,2,24866,1,590,1,2000,5,4
181,dummy-lora-7b-rank-8-120,1219,11,9.884577512741089,9.460436582565308,0.0,161004,215,0,2,24866,1,590,1,2000,3,1
182,dummy-lora-7b-rank-8-32,505,4,9.546464204788208,9.459642887115479,0.0,161003,216,0,2,24866,1,590,1,2000,1,1
183,dummy-lora-7b-rank-8-30,503,2,12.002713680267334,11.971916437149048,0.0,161001,217,0,2,24866,1,590,1,2000,5,3
184,dummy-lora-7b-rank-8-2,358,4,9.543638706207275,9.456827163696289,0.0,160977,218,0,2,24866,1,590,1,2000,12,2
185,dummy-lora-7b-rank-8-40,1323,2,9.48680853843689,9.456622123718262,0.0,160984,219,0,2,24866,1,590,1,2000,4,2
186,dummy-lora-7b-rank-8-30,1117,51,17.64722967147827,13.212475776672363,0.0,161002,220,0,2,24866,1,590,1,2000,1,1
187,dummy-lora-7b-rank-8-112,503,2,9.484754800796509,9.454514026641846,0.0,231772,221,0,2,24866,1,590,1,2000,6,2
188,dummy-lora-7b-rank-8-121,38,1,9.453358888626099,9.453203678131104,0.0,231778,222,0,2,24866,1,590,1,2000,2,2
189,dummy-lora-7b-rank-8-122,364,2,9.482018232345581,9.452078580856323,0.0,231775,223,0,2,24866,1,590,1,2000,4,1
190,dummy-lora-7b-rank-8-123,696,5,9.564867496490479,9.451045989990234,0.0,231771,224,0,2,24866,1,590,1,2000,2,2
191,dummy-lora-7b-rank-8-124,639,42,14.510807514190674,9.449815511703491,0.0,231694,225,0,2,24866,1,590,1,2000,3,3
192,dummy-lora-7b-rank-8-89,820,7,9.618178129196167,9.448599100112915,0.0,231770,226,0,2,24866,1,590,1,2000,2,2
193,dummy-lora-7b-rank-8-102,357,4,9.533830165863037,9.446893453598022,0.0,231777,227,0,2,24866,1,590,1,2000,4,3
194,dummy-lora-7b-rank-8-102,409,2,9.476356506347656,9.446147203445435,0.0,231777,228,0,2,24866,1,590,1,2000,4,2
195,dummy-lora-7b-rank-8-125,838,20,10.928597211837769,9.445077180862427,0.0,231743,229,0,2,24866,1,590,1,2000,3,3
196,dummy-lora-7b-rank-8-126,1629,8,9.641641855239868,9.443827152252197,0.0,231755,230,0,2,24866,1,590,1,2000,2,2
197,dummy-lora-7b-rank-8-86,480,4,9.529118537902832,9.442271947860718,0.0,231739,231,0,2,24866,1,590,1,2000,5,4
198,dummy-lora-7b-rank-8-127,498,36,13.342342138290405,9.440953731536865,0.0,231451,232,0,2,24866,1,590,1,2000,7,7
199,dummy-lora-7b-rank-8-128,204,1,9.440332174301147,9.439902782440186,0.0,231780,233,0,2,24866,1,590,1,2000,1,1
200,dummy-lora-7b-rank-8-99,175,1,9.4391028881073,9.438706398010254,0.0,231779,234,0,2,24866,1,590,1,2000,2,1
201,dummy-lora-7b-rank-8-121,45,1,9.4380943775177,9.43787407875061,0.0,231778,235,0,2,24866,1,590,1,2000,2,1
202,dummy-lora-7b-rank-8-129,1919,18,10.873178005218506,9.436386108398438,0.0,231650,236,0,2,24866,1,590,1,2000,4,4
203,dummy-lora-7b-rank-8-102,409,2,11.979476690292358,11.948598861694336,0.0,231777,237,0,2,24866,1,590,1,2000,4,1
204,dummy-lora-7b-rank-8-86,364,2,9.464804649353027,9.434590339660645,0.0,231739,238,0,2,24866,1,590,1,2000,5,2
205,dummy-lora-7b-rank-8-98,890,6,9.574830055236816,9.432905435562134,0.0,43233,239,0,2,24866,1,590,1,2000,1,1
206,dummy-lora-7b-rank-8-109,357,4,9.518678426742554,9.432066440582275,0.0,231773,240,0,2,24866,1,590,1,2000,4,4
207,dummy-lora-7b-rank-8-130,693,4,10.764573097229004,10.678162336349487,0.0,231757,241,0,2,24866,1,590,1,2000,3,3
208,dummy-lora-7b-rank-8-101,357,4,10.763521432876587,10.67706036567688,0.0,231776,242,0,2,24866,1,590,1,2000,2,1
209,dummy-lora-7b-rank-8-88,665,7,10.84428858757019,10.67570972442627,0.0,231769,243,0,2,24866,1,590,1,2000,2,2
210,dummy-lora-7b-rank-8-91,888,7,10.843381643295288,10.674710750579834,0.0,231765,244,0,2,24866,1,590,1,2000,2,2
211,dummy-lora-7b-rank-8-122,409,2,11.970389366149902,11.939354419708252,0.0,231775,245,0,2,24866,1,590,1,2000,4,4
212,dummy-lora-7b-rank-8-131,738,21,12.217760801315308,10.672385454177856,0.0,231699,246,0,2,24866,1,590,1,2000,4,4
213,dummy-lora-7b-rank-8-132,1116,8,10.860483169555664,10.671153545379639,0.0,231696,247,0,2,24866,1,590,1,2000,4,4
214,dummy-lora-7b-rank-8-96,623,44,17.42510175704956,13.179865598678589,0.0,231706,248,0,2,24866,1,590,1,2000,3,3
215,dummy-lora-7b-rank-8-122,482,2,11.965871572494507,11.934807062149048,0.0,231775,249,0,2,24866,1,590,1,2000,4,3
216,dummy-lora-7b-rank-8-133,1172,51,15.77585220336914,10.667750358581543,0.0,231633,250,0,2,24866,1,590,1,2000,4,4
217,dummy-lora-7b-rank-8-122,447,2,11.963517904281616,11.932618141174316,0.0,231775,251,0,2,24866,1,590,1,2000,4,2
218,dummy-lora-7b-rank-8-96,137,4,14.533795595169067,14.449270248413086,0.0,231766,252,0,2,24866,1,590,1,2000,3,3
219,dummy-lora-7b-rank-8-86,409,2,11.960301160812378,11.92962908744812,0.0,231739,253,0,2,24866,1,590,1,2000,5,3
220,dummy-lora-7b-rank-8-134,318,82,18.966898441314697,10.662142276763916,0.0,53122,255,0,2,4653,1,1632,1,2000,4,4
221,dummy-lora-7b-rank-8-30,179,8,12.753799676895142,12.554689645767212,1.0,53529,256,0,2,12115,1,177,1,2000,1,1
222,dummy-lora-7b-rank-8-135,674,1,10.044039011001587,10.042872905731201,1.0,161013,257,0,2,24866,1,590,1,2000,4,1
223,dummy-lora-7b-rank-8-21,449,2,10.06534481048584,10.039683103561401,1.0,161014,258,0,2,24866,1,590,1,2000,4,1
224,dummy-lora-7b-rank-8-120,411,3,12.610961675643921,12.552364110946655,1.0,161015,259,0,2,24866,1,590,1,2000,4,1
225,dummy-lora-7b-rank-8-120,366,3,12.609992265701294,12.551453113555908,1.0,161015,261,0,2,24866,1,590,1,2000,4,2
226,dummy-lora-7b-rank-8-136,855,1,10.041143894195557,10.03999137878418,1.0,161017,262,0,2,24866,1,590,1,2000,3,1
227,dummy-lora-7b-rank-8-30,66,1,12.550469398498535,12.550361156463623,1.0,161018,263,0,2,24866,1,590,1,2000,4,1
228,dummy-lora-7b-rank-8-137,1922,34,13.90692949295044,10.033520698547363,1.0,161019,264,0,2,24866,1,590,1,2000,1,1
229,dummy-lora-7b-rank-8-21,366,3,11.361876726150513,11.302988290786743,1.0,161014,265,0,2,24866,1,590,1,2000,4,2
230,dummy-lora-7b-rank-8-138,1115,1,10.033264636993408,10.031971454620361,1.0,161020,266,0,2,24866,1,590,1,2000,2,1
231,dummy-lora-7b-rank-8-120,449,4,12.633544206619263,12.547165155410767,1.0,161015,267,0,2,24866,1,590,1,2000,4,3
232,dummy-lora-7b-rank-8-23,562,5,10.140041828155518,10.034968614578247,1.0,161010,270,0,2,24866,1,590,1,2000,4,4
233,dummy-lora-7b-rank-8-136,345,1,11.299996376037598,11.299761295318604,1.0,161017,271,0,2,24866,1,590,1,2000,3,2
234,dummy-lora-7b-rank-8-120,361,5,12.659489631652832,12.543208122253418,1.0,161015,272,0,2,24866,1,590,1,2000,4,4
235,dummy-lora-7b-rank-8-18,510,7,10.20030665397644,10.03170919418335,1.0,53514,273,0,2,12115,1,177,1,2000,1,1
236,dummy-lora-7b-rank-8-141,407,7,10.19951343536377,10.030665397644043,1.0,53515,274,0,2,12115,1,177,1,2000,1,1
237,dummy-lora-7b-rank-8-142,1173,7,10.197954416275024,10.029329299926758,1.0,53516,275,0,2,12115,1,177,1,2000,1,1
238,dummy-lora-7b-rank-8-1,441,7,10.196760892868042,10.028108596801758,1.0,53517,276,0,2,12115,1,177,1,2000,1,1
239,dummy-lora-7b-rank-8-143,531,16,11.435511112213135,10.027005910873413,1.0,53518,277,0,2,12115,1,177,1,2000,1,1
240,dummy-lora-7b-rank-8-25,364,2,10.049034833908081,10.02592921257019,1.0,161012,278,0,2,24866,1,590,1,2000,3,3
241,dummy-lora-7b-rank-8-144,1383,7,11.461424350738525,11.291027545928955,1.0,53519,279,0,2,12115,1,177,1,2000,1,1
242,dummy-lora-7b-rank-8-145,763,3,11.348470449447632,11.289998531341553,1.0,231807,281,0,2,9357,1,345,1,2000,3,1
243,dummy-lora-7b-rank-8-83,264,6,11.392973184585571,11.250107288360596,1.0,231805,285,0,2,9357,1,345,1,2000,1,1
244,dummy-lora-7b-rank-8-146,276,8,11.447449207305908,11.24882173538208,1.0,231806,286,0,2,9357,1,345,1,2000,1,1
245,dummy-lora-7b-rank-8-30,666,2,12.522554397583008,12.49198865890503,1.0,161008,287,0,2,24866,1,590,1,2000,2,1
246,dummy-lora-7b-rank-8-147,595,25,13.876082420349121,11.24587607383728,1.0,161009,288,0,2,24866,1,590,1,2000,1,1
247,dummy-lora-7b-rank-8-30,471,2,12.520496845245361,12.489790916442871,1.0,161001,289,0,2,24866,1,590,1,2000,5,5
248,dummy-lora-7b-rank-8-7,511,4,11.330289125442505,11.24403691291809,1.0,156466,290,0,2,24866,1,590,1,2000,2,1
249,dummy-lora-7b-rank-8-23,364,3,11.301732063293457,11.242997407913208,1.0,161010,291,0,2,24866,1,590,1,2000,4,1
250,dummy-lora-7b-rank-8-148,1120,18,12.686062812805176,11.241520881652832,1.0,161011,292,0,2,24866,1,590,1,2000,1,1
251,dummy-lora-7b-rank-8-23,448,3,12.5439772605896,12.485460042953491,1.0,161010,293,0,2,24866,1,590,1,2000,4,2
252,dummy-lora-7b-rank-8-23,471,2,12.51429295539856,12.483646631240845,1.0,161010,294,0,2,24866,1,590,1,2000,4,3
253,dummy-lora-7b-rank-8-25,447,2,11.268174409866333,11.237628698348999,1.0,161012,295,0,2,24866,1,590,1,2000,3,1
254,dummy-lora-7b-rank-8-7,358,6,11.379931688308716,11.236911058425903,1.0,156466,296,0,2,24866,1,590,1,2000,2,2
255,dummy-lora-7b-rank-8-24,503,3,11.295275449752808,11.236708641052246,1.0,160995,297,0,2,24866,1,590,1,2000,5,3
256,dummy-lora-7b-rank-8-30,662,8,12.679014444351196,12.479097604751587,1.0,160994,298,0,2,24866,1,590,1,2000,4,2
257,dummy-lora-7b-rank-8-25,409,2,11.264955759048462,11.234106540679932,1.0,161012,299,0,2,24866,1,590,1,2000,3,2
258,dummy-lora-7b-rank-8-90,647,5,11.347251892089844,11.232290744781494,1.0,53542,302,0,2,9357,1,345,1,2000,1,1
259,dummy-lora-7b-rank-8-33,366,6,11.3723464012146,11.229254245758057,1.0,53520,305,0,2,12115,1,177,1,2000,1,1
260,dummy-lora-7b-rank-8-149,368,15,12.589292526245117,11.228421211242676,1.0,53522,306,0,2,12115,1,177,1,2000,1,1
261,dummy-lora-7b-rank-8-34,889,11,11.507040977478027,11.227747678756714,1.0,160991,307,0,2,24866,1,590,1,2000,2,2
262,dummy-lora-7b-rank-8-150,698,5,11.339927911758423,11.225239515304565,1.0,161026,309,0,2,24866,1,590,1,2000,4,2
263,dummy-lora-7b-rank-8-151,70,1,11.224289178848267,11.223973035812378,1.0,161031,310,0,2,24866,1,590,1,2000,4,1
264,dummy-lora-7b-rank-8-35,605,15,12.582787275314331,11.222204208374023,1.0,160985,311,0,2,24866,1,590,1,2000,3,3
265,dummy-lora-7b-rank-8-26,535,6,11.36458444595337,11.22199535369873,1.0,160999,312,0,2,24866,1,590,1,2000,7,3
266,dummy-lora-7b-rank-8-152,1355,1,11.22041630744934,11.220001220703125,1.0,161030,313,0,2,24866,1,590,1,2000,2,1
267,dummy-lora-7b-rank-8-28,663,8,11.416826963424683,11.21823787689209,1.0,160998,316,0,2,24866,1,590,1,2000,4,2
268,dummy-lora-7b-rank-8-2,890,13,13.792898893356323,12.461719036102295,1.0,160977,317,0,2,24866,1,590,1,2000,12,3
269,dummy-lora-7b-rank-8-154,418,1,12.458598852157593,12.45820426940918,1.0,161028,320,0,2,24866,1,590,1,2000,4,1
270,dummy-lora-7b-rank-8-21,359,5,12.573334217071533,12.4570791721344,1.0,161014,321,0,2,24866,1,590,1,2000,4,4
271,dummy-lora-7b-rank-8-155,115,1,12.45593523979187,12.455477476119995,1.0,161027,322,0,2,24866,1,590,1,2000,4,1
272,dummy-lora-7b-rank-8-150,109,1,12.455395221710205,12.455096006393433,1.0,161026,323,0,2,24866,1,590,1,2000,4,1
273,dummy-lora-7b-rank-8-21,411,4,12.540563344955444,12.453777074813843,1.0,161014,325,0,2,24866,1,590,1,2000,4,3
274,dummy-lora-7b-rank-8-157,1322,8,12.652026653289795,12.45248532295227,1.0,161023,326,0,2,24866,1,590,1,2000,1,1
275,dummy-lora-7b-rank-8-158,1175,13,13.782114267349243,12.450897932052612,1.0,161024,327,0,2,24866,1,590,1,2000,1,1
276,dummy-lora-7b-rank-8-159,431,16,13.861451387405396,12.449301481246948,1.0,53521,329,0,2,12115,1,177,1,2000,1,1
277,dummy-lora-7b-rank-8-39,430,5,12.559845447540283,12.443479537963867,1.0,53523,332,0,2,12115,1,177,1,2000,1,1
278,dummy-lora-7b-rank-8-18,496,7,12.614262342453003,12.443351745605469,1.0,53524,333,0,2,12115,1,177,1,2000,1,1
279,dummy-lora-7b-rank-8-29,144,6,12.585381031036377,12.441770553588867,1.0,53525,334,0,2,12115,1,177,1,2000,1,1
280,dummy-lora-7b-rank-8-18,511,7,14.931687831878662,14.75477409362793,1.0,53526,335,0,2,12115,1,177,1,2000,1,1
281,dummy-lora-7b-rank-8-148,456,6,12.583542585372925,12.439787149429321,1.0,53527,336,0,2,12115,1,177,1,2000,1,1
282,dummy-lora-7b-rank-8-160,442,5,12.554183959960938,12.437788724899292,1.0,53528,337,0,2,12115,1,177,1,2000,1,1
283,dummy-lora-7b-rank-8-4,1231,9,12.664518117904663,12.43660044670105,1.0,160975,338,0,2,24866,1,590,1,2000,4,2
284,dummy-lora-7b-rank-8-161,614,5,12.552285194396973,12.436228275299072,1.0,53530,339,0,2,12115,1,177,1,2000,1,1
285,dummy-lora-7b-rank-8-162,47,1,12.429433107376099,12.429075479507446,1.0,156467,347,0,2,30310,1,518,1,2000,4,1
286,dummy-lora-7b-rank-8-163,161,43,16.64468240737915,12.427101373672485,1.0,29,348,0,2,2558,1,1245,1,2000,28,3
287,dummy-lora-7b-rank-8-163,159,36,15.704185009002686,12.426009893417358,1.0,29,349,0,2,2558,1,1245,1,2000,28,2
288,dummy-lora-7b-rank-8-163,161,43,16.64307951927185,12.425800085067749,1.0,29,350,0,2,2558,1,1245,1,2000,28,1
289,dummy-lora-7b-rank-8-164,101,3,12.483240127563477,12.424668788909912,1.0,40668,351,0,2,18182,1,501,1,2000,1,1
290,dummy-lora-7b-rank-8-110,325,2,13.72365665435791,13.693927764892578,1.0,43233,355,0,2,24866,1,590,1,2000,1,1
291,dummy-lora-7b-rank-8-17,504,5,13.804301977157593,13.692162990570068,1.0,125900,356,0,2,23936,1,634,1,2000,1,1
292,dummy-lora-7b-rank-8-165,579,3,13.749062061309814,13.691484212875366,1.0,43233,357,0,2,25718,1,1790,1,2000,1,1
293,dummy-lora-7b-rank-8-17,609,3,13.747790575027466,13.689955711364746,1.0,125897,358,0,2,23936,1,634,1,2000,5,3
294,dummy-lora-7b-rank-8-19,927,8,13.898402452468872,13.688628196716309,1.0,125894,359,0,2,23936,1,634,1,2000,4,2
295,dummy-lora-7b-rank-8-166,1326,34,16.65924596786499,13.68792462348938,1.0,125898,360,0,2,23936,1,634,1,2000,1,1
296,dummy-lora-7b-rank-8-166,880,1,13.686734199523926,13.686454772949219,1.0,125899,361,0,2,23936,1,634,1,2000,2,1
297,dummy-lora-7b-rank-8-19,447,2,13.714463949203491,13.685099363327026,1.0,125901,362,0,2,23936,1,634,1,2000,5,1
298,dummy-lora-7b-rank-8-19,364,2,13.712714672088623,13.68287968635559,1.0,125901,364,0,2,23936,1,634,1,2000,5,2
299,dummy-lora-7b-rank-8-167,671,5,13.794014930725098,13.682205200195312,1.0,125903,365,0,2,23936,1,634,1,2000,1,1
300,dummy-lora-7b-rank-8-19,471,3,13.738400936126709,13.680866956710815,1.0,125901,366,0,2,23936,1,634,1,2000,5,3
301,dummy-lora-7b-rank-8-19,471,3,14.776888608932495,14.72059679031372,1.0,125901,367,0,2,23936,1,634,1,2000,5,4
302,dummy-lora-7b-rank-8-168,1757,36,16.705334186553955,13.678216457366943,1.0,125904,368,0,2,23936,1,634,1,2000,1,1
303,dummy-lora-7b-rank-8-169,1034,1,13.677605867385864,13.677448749542236,1.0,125905,369,0,2,23936,1,634,1,2000,2,1
304,dummy-lora-7b-rank-8-19,562,6,14.854780197143555,14.716081142425537,1.0,125901,370,0,2,23936,1,634,1,2000,5,5
305,dummy-lora-7b-rank-8-169,1034,1,13.674738645553589,13.674592971801758,1.0,125902,371,0,2,23936,1,634,1,2000,2,1
306,dummy-lora-7b-rank-8-171,148,30,15.782562971115112,13.67061734199524,1.0,29129,375,0,2,4476,1,400,1,2000,1,1
307,dummy-lora-7b-rank-8-172,297,11,13.951951503753662,13.669039726257324,1.0,29128,376,0,2,4476,1,400,1,2000,1,1
308,dummy-lora-7b-rank-8-173,1380,36,16.694196701049805,13.667266368865967,1.0,149750,378,0,2,45254,1,733,1,2000,1,1
309,dummy-lora-7b-rank-8-174,45,1,13.664870977401733,13.664512157440186,1.0,149745,380,0,2,45254,1,733,1,2000,3,1
310,dummy-lora-7b-rank-8-176,1290,37,16.71783471107483,13.663759231567383,1.0,149747,382,0,2,45254,1,733,1,2000,1,1
311,dummy-lora-7b-rank-8-177,1174,47,17.497156858444214,13.662797451019287,1.0,149749,383,0,2,45254,1,733,1,2000,1,1
312,dummy-lora-7b-rank-8-174,415,3,13.718601703643799,13.660992622375488,1.0,149745,385,0,2,45254,1,733,1,2000,3,2
313,dummy-lora-7b-rank-8-9,522,2,13.68917465209961,13.65935730934143,1.0,149744,386,0,2,45254,1,733,1,2000,3,2
314,dummy-lora-7b-rank-8-26,561,3,13.924336910247803,13.868108987808228,2.0,160999,389,0,2,24866,1,590,1,2000,7,4
315,dummy-lora-7b-rank-8-178,459,1,13.867598056793213,13.867421865463257,2.0,161045,390,0,2,24866,1,590,1,2000,4,1
316,dummy-lora-7b-rank-8-179,532,1,13.865652799606323,13.86526894569397,2.0,161046,392,0,2,24866,1,590,1,2000,4,1
317,dummy-lora-7b-rank-8-120,1263,1,13.865051507949829,13.864889144897461,2.0,161004,393,0,2,24866,1,590,1,2000,3,2
318,dummy-lora-7b-rank-8-150,357,3,13.919963121414185,13.863747835159302,2.0,161039,395,0,2,24866,1,590,1,2000,4,4
319,dummy-lora-7b-rank-8-180,412,1,13.86170768737793,13.861505270004272,2.0,161048,397,0,2,24866,1,590,1,2000,4,1
320,dummy-lora-7b-rank-8-181,649,27,15.872424602508545,13.858851194381714,2.0,161053,399,0,2,24866,1,590,1,2000,1,1
321,dummy-lora-7b-rank-8-154,483,2,13.888048648834229,13.85818099975586,2.0,161049,400,0,2,24866,1,590,1,2000,5,4
322,dummy-lora-7b-rank-8-182,44,1,13.856390237808228,13.85593056678772,2.0,149751,402,0,2,45254,1,733,1,2000,3,1
323,dummy-lora-7b-rank-8-163,159,37,20.175137758255005,18.278156518936157,2.0,29,403,0,2,2558,1,1245,1,2000,28,4
324,dummy-lora-7b-rank-8-183,185,71,19.208213329315186,13.853156805038452,2.0,6,404,0,2,2558,1,1245,1,2000,1,1
325,dummy-lora-7b-rank-8-184,1298,2,13.879337072372437,13.849563121795654,2.0,40671,407,0,2,18182,1,501,1,2000,2,1
326,dummy-lora-7b-rank-8-185,451,53,18.326279163360596,13.846607446670532,2.0,40672,409,0,2,18182,1,501,1,2000,1,1
327,dummy-lora-7b-rank-8-154,448,2,13.87458086013794,13.844436407089233,2.0,161049,411,0,2,24866,1,590,1,2000,5,3
328,dummy-lora-7b-rank-8-135,1386,11,14.126966953277588,13.843957662582397,2.0,161013,412,0,2,24866,1,590,1,2000,4,2
329,dummy-lora-7b-rank-8-154,432,2,13.871607542037964,13.841876029968262,2.0,161049,413,0,2,24866,1,590,1,2000,5,2
330,dummy-lora-7b-rank-8-4,364,2,13.871360540390015,13.841471910476685,2.0,161051,414,0,2,24866,1,590,1,2000,3,1
331,dummy-lora-7b-rank-8-155,447,2,13.869318008422852,13.83954930305481,2.0,161050,415,0,2,24866,1,590,1,2000,4,1
332,dummy-lora-7b-rank-8-154,409,2,13.869208812713623,13.83935809135437,2.0,161049,416,0,2,24866,1,590,1,2000,5,1
333,dummy-lora-7b-rank-8-186,777,54,18.34453821182251,13.837768316268921,2.0,161044,417,0,2,24866,1,590,1,2000,1,1
334,dummy-lora-7b-rank-8-187,314,1,14.662814855575562,14.662350416183472,2.0,161047,418,0,2,24866,1,590,1,2000,4,1
335,dummy-lora-7b-rank-8-4,409,2,14.686137437820435,14.656981468200684,2.0,161051,423,0,2,24866,1,590,1,2000,3,2
336,dummy-lora-7b-rank-8-188,667,1,14.65576434135437,14.655272483825684,2.0,161042,424,0,2,24866,1,590,1,2000,3,2
337,dummy-lora-7b-rank-8-182,411,4,14.738603591918945,14.654987812042236,2.0,149751,425,0,2,45254,1,733,1,2000,3,2
338,dummy-lora-7b-rank-8-188,77,1,14.65402340888977,14.653768062591553,2.0,161042,426,0,2,24866,1,590,1,2000,3,1
339,dummy-lora-7b-rank-8-22,1470,1,14.652966737747192,14.65273141860962,2.0,161034,427,0,2,24866,1,590,1,2000,2,1
340,dummy-lora-7b-rank-8-189,45,1,14.651626586914062,14.651289224624634,2.0,161033,428,0,2,24866,1,590,1,2000,5,2
341,dummy-lora-7b-rank-8-189,52,1,14.650591135025024,14.650321245193481,2.0,161033,429,0,2,24866,1,590,1,2000,5,1
342,dummy-lora-7b-rank-8-190,321,2,14.678725242614746,14.6493661403656,2.0,43233,430,0,2,24866,1,590,1,2000,1,1
343,dummy-lora-7b-rank-8-191,1180,1,14.647036790847778,14.646750926971436,2.0,161032,432,0,2,24866,1,590,1,2000,2,1
344,dummy-lora-7b-rank-8-192,441,1,14.646027088165283,14.645762205123901,2.0,4496,433,0,2,62016,1,565,1,2000,2,1
345,dummy-lora-7b-rank-8-194,839,78,20.16773748397827,14.63871431350708,2.0,161043,444,0,2,24866,1,590,1,2000,1,1
346,dummy-lora-7b-rank-8-195,610,23,16.497703075408936,14.637190818786621,2.0,161035,445,0,2,24866,1,590,1,2000,1,1
347,dummy-lora-7b-rank-8-150,409,2,14.665008783340454,14.635519981384277,2.0,161039,447,0,2,24866,1,590,1,2000,4,3
348,dummy-lora-7b-rank-8-154,979,9,14.85117483139038,14.634104251861572,2.0,161028,449,0,2,24866,1,590,1,2000,4,2
349,dummy-lora-7b-rank-8-115,325,6,14.770400047302246,14.6330406665802,2.0,43233,450,0,2,24866,1,590,1,2000,1,1
350,dummy-lora-7b-rank-8-154,354,3,16.492408275604248,16.437004327774048,2.0,161049,452,0,2,24866,1,590,1,2000,5,5
351,dummy-lora-7b-rank-8-28,410,3,14.687113761901855,14.631018161773682,2.0,161036,453,0,2,24866,1,590,1,2000,4,4
352,dummy-lora-7b-rank-8-28,119,3,15.706783771514893,15.648837566375732,2.0,161036,454,0,2,24866,1,590,1,2000,4,1
353,dummy-lora-7b-rank-8-28,448,3,15.70554256439209,15.647494316101074,2.0,161036,455,0,2,24866,1,590,1,2000,4,3
354,dummy-lora-7b-rank-8-150,447,2,15.67516016960144,15.645378589630127,2.0,161039,457,0,2,24866,1,590,1,2000,4,1
355,dummy-lora-7b-rank-8-28,433,3,17.305038452148438,17.248446226119995,2.0,161036,458,0,2,24866,1,590,1,2000,4,2
356,dummy-lora-7b-rank-8-197,1083,1,15.643065452575684,15.642927646636963,2.0,161038,459,0,2,24866,1,590,1,2000,2,1
357,dummy-lora-7b-rank-8-155,752,5,15.755138158798218,15.641736030578613,2.0,161027,460,0,2,24866,1,590,1,2000,4,2
358,dummy-lora-7b-rank-8-115,358,3,15.69877815246582,15.640758037567139,2.0,43233,462,0,2,24866,1,590,1,2000,1,1
359,dummy-lora-7b-rank-8-150,364,2,15.669288635253906,15.639509677886963,2.0,161039,463,0,2,24866,1,590,1,2000,4,2
360,dummy-lora-7b-rank-8-199,120,1,15.63824200630188,15.637914180755615,2.0,161054,464,0,2,24866,1,590,1,2000,3,1
361,dummy-lora-7b-rank-8-155,432,2,15.666980743408203,15.637140274047852,2.0,161050,465,0,2,24866,1,590,1,2000,4,2
362,dummy-lora-7b-rank-8-147,468,7,15.803365230560303,15.63484501838684,2.0,53543,467,0,2,12115,1,177,1,2000,1,1
363,dummy-lora-7b-rank-8-90,665,8,15.829180717468262,15.633669137954712,2.0,53542,468,0,2,12115,1,177,1,2000,1,1
364,dummy-lora-7b-rank-8-166,365,7,15.801275491714478,15.632716655731201,2.0,53541,469,0,2,12115,1,177,1,2000,1,1
365,dummy-lora-7b-rank-8-200,503,23,17.293794870376587,15.631970167160034,2.0,53540,470,0,2,12115,1,177,1,2000,1,1
366,dummy-lora-7b-rank-8-201,437,23,17.292415142059326,15.630622863769531,2.0,53539,471,0,2,12115,1,177,1,2000,1,1
367,dummy-lora-7b-rank-8-156,459,7,15.796850204467773,15.628519773483276,2.0,53537,473,0,2,12115,1,177,1,2000,1,1
368,dummy-lora-7b-rank-8-44,313,6,15.767492532730103,15.626495122909546,2.0,53536,474,0,2,12115,1,177,1,2000,1,1
369,dummy-lora-7b-rank-8-157,450,6,15.767119407653809,15.626148462295532,2.0,53535,475,0,2,12115,1,177,1,2000,1,1
370,dummy-lora-7b-rank-8-118,493,7,15.793364763259888,15.624825954437256,2.0,53534,476,0,2,12115,1,177,1,2000,1,1
371,dummy-lora-7b-rank-8-44,408,5,15.737396478652954,15.623713254928589,2.0,53533,477,0,2,12115,1,177,1,2000,1,1
372,dummy-lora-7b-rank-8-202,446,18,16.597970724105835,15.622614622116089,2.0,53532,478,0,2,12115,1,177,1,2000,1,1
373,dummy-lora-7b-rank-8-34,520,7,15.788161039352417,15.619588136672974,2.0,53544,480,0,2,12115,1,177,1,2000,1,1
374,dummy-lora-7b-rank-8-168,1757,31,17.49562931060791,15.617568969726562,2.0,125906,482,0,2,23936,1,634,1,2000,1,1
375,dummy-lora-7b-rank-8-203,65,1,15.616305351257324,15.616004467010498,2.0,125907,483,0,2,23936,1,634,1,2000,4,1
376,dummy-lora-7b-rank-8-151,658,8,15.810875654220581,15.615455389022827,2.0,161031,484,0,2,24866,1,590,1,2000,4,2
377,dummy-lora-7b-rank-8-204,273,25,18.3027081489563,16.39989686012268,2.0,53553,485,0,2,9357,1,345,1,2000,1,1
378,dummy-lora-7b-rank-8-205,174,9,16.6110942363739,16.39457893371582,2.0,29133,490,0,2,4476,1,400,1,2000,1,1
379,dummy-lora-7b-rank-8-206,175,8,16.58289408683777,16.393012523651123,2.0,29132,491,0,2,4476,1,400,1,2000,1,1
380,dummy-lora-7b-rank-8-207,322,14,17.294904708862305,16.39179491996765,2.0,29131,492,0,2,4476,1,400,1,2000,1,1
381,dummy-lora-7b-rank-8-208,514,12,17.23940372467041,16.391117095947266,2.0,29130,493,0,2,4476,1,400,1,2000,1,1
382,dummy-lora-7b-rank-8-209,48,1,16.389932870864868,16.389679193496704,2.0,149752,494,0,2,45254,1,733,1,2000,3,1
383,dummy-lora-7b-rank-8-140,539,8,16.577125310897827,16.387367486953735,2.0,53545,496,0,2,12115,1,177,1,2000,1,1
384,dummy-lora-7b-rank-8-210,314,44,19.57560682296753,16.38397979736328,2.0,1,499,0,2,25772,1,522,1,2000,1,1
385,dummy-lora-7b-rank-8-211,198,20,17.44796347618103,16.382672548294067,2.0,2,500,0,2,25772,1,522,1,2000,1,1
386,dummy-lora-7b-rank-8-4,448,2,16.41057515144348,16.38161325454712,2.0,161051,501,0,2,24866,1,590,1,2000,3,3
387,dummy-lora-7b-rank-8-199,759,1,16.381139516830444,16.38104796409607,2.0,161054,502,0,2,24866,1,590,1,2000,3,2
388,dummy-lora-7b-rank-8-162,1040,4,16.46203088760376,16.37977933883667,2.0,156467,503,0,2,30310,1,518,1,2000,4,2
389,dummy-lora-7b-rank-8-165,837,2,16.40740132331848,16.37870764732361,2.0,43233,504,0,2,25718,1,1790,1,2000,1,1
390,dummy-lora-7b-rank-8-155,561,4,17.278186082839966,17.193939447402954,2.0,161050,507,0,2,24866,1,590,1,2000,4,4
391,dummy-lora-7b-rank-8-212,1030,36,18.974154710769653,16.37408471107483,2.0,161055,508,0,2,24866,1,590,1,2000,1,1
392,dummy-lora-7b-rank-8-155,471,2,18.19472861289978,18.16585612297058,2.0,161050,509,0,2,24866,1,590,1,2000,4,3
393,dummy-lora-7b-rank-8-179,1124,7,16.53388237953186,16.37137222290039,2.0,161046,510,0,2,24866,1,590,1,2000,4,2
394,dummy-lora-7b-rank-8-188,582,8,16.50924301147461,16.317439317703247,3.0,161042,517,0,2,24866,1,590,1,2000,3,3
395,dummy-lora-7b-rank-8-151,564,2,16.346888542175293,16.316686391830444,3.0,161058,518,0,2,24866,1,590,1,2000,4,3
396,dummy-lora-7b-rank-8-213,1912,27,18.12670922279358,16.31620454788208,3.0,161062,519,0,2,24866,1,590,1,2000,1,1
397,dummy-lora-7b-rank-8-115,358,3,16.371139526367188,16.314220666885376,3.0,43233,521,0,2,24866,1,590,1,2000,1,1
398,dummy-lora-7b-rank-8-179,409,2,17.316519021987915,17.287151336669922,3.0,161061,522,0,2,24866,1,590,1,2000,4,3
399,dummy-lora-7b-rank-8-214,579,10,16.5569064617157,16.310536861419678,3.0,161056,525,0,2,24866,1,590,1,2000,3,3
400,dummy-lora-7b-rank-8-215,120,3,16.36701011657715,16.309556245803833,3.0,161070,526,0,2,24866,1,590,1,2000,30,10
401,dummy-lora-7b-rank-8-135,360,7,16.472844123840332,16.308534860610962,3.0,161057,527,0,2,24866,1,590,1,2000,4,4
402,dummy-lora-7b-rank-8-115,145,2,16.337705373764038,16.307465314865112,3.0,43233,528,0,2,24866,1,590,1,2000,1,1
403,dummy-lora-7b-rank-8-216,1505,37,18.75805640220642,16.306037664413452,3.0,161063,529,0,2,24866,1,590,1,2000,1,1
404,dummy-lora-7b-rank-8-151,534,2,16.335285186767578,16.305145502090454,3.0,161058,530,0,2,24866,1,590,1,2000,4,1
405,dummy-lora-7b-rank-8-135,411,4,16.38800835609436,16.30416178703308,3.0,161057,531,0,2,24866,1,590,1,2000,4,2
406,dummy-lora-7b-rank-8-135,366,4,18.675716638565063,18.593364238739014,3.0,161057,532,0,2,24866,1,590,1,2000,4,1
407,dummy-lora-7b-rank-8-217,274,24,18.027392387390137,16.301870822906494,3.0,157162,533,0,2,14995,1,287,1,2000,1,1
408,dummy-lora-7b-rank-8-215,120,3,16.358123302459717,16.3006112575531,3.0,161070,534,0,2,24866,1,590,1,2000,30,9
409,dummy-lora-7b-rank-8-215,120,3,16.356327295303345,16.299490690231323,3.0,161070,535,0,2,24866,1,590,1,2000,30,12
410,dummy-lora-7b-rank-8-104,210,26,18.07983708381653,16.298406839370728,3.0,273192,536,0,2,4653,1,1632,1,2000,10,2
411,dummy-lora-7b-rank-8-218,428,1,17.27046775817871,17.270026445388794,3.0,161074,538,0,2,24866,1,590,1,2000,4,1
412,dummy-lora-7b-rank-8-179,432,2,17.29739260673523,17.268429279327393,3.0,161061,540,0,2,24866,1,590,1,2000,4,2
413,dummy-lora-7b-rank-8-219,680,4,17.34992790222168,17.266494512557983,3.0,161067,541,0,2,24866,1,590,1,2000,3,2
414,dummy-lora-7b-rank-8-2,426,6,17.402857542037964,17.266135215759277,3.0,160977,542,0,2,24866,1,590,1,2000,12,4
415,dummy-lora-7b-rank-8-215,120,3,17.32078742980957,17.26449465751648,3.0,161070,543,0,2,24866,1,590,1,2000,30,11
416,dummy-lora-7b-rank-8-179,447,2,18.607836484909058,18.5801260471344,3.0,161061,544,0,2,24866,1,590,1,2000,4,1
417,dummy-lora-7b-rank-8-215,120,3,17.317797660827637,17.26189160346985,3.0,161070,547,0,2,24866,1,590,1,2000,30,1
418,dummy-lora-7b-rank-8-220,409,1,17.259785413742065,17.25959539413452,3.0,161069,549,0,2,24866,1,590,1,2000,4,1
419,dummy-lora-7b-rank-8-214,75,1,17.920268774032593,17.920008182525635,3.0,161056,550,0,2,24866,1,590,1,2000,3,1
420,dummy-lora-7b-rank-8-214,667,1,17.91922688484192,17.919003009796143,3.0,161056,551,0,2,24866,1,590,1,2000,3,2
421,dummy-lora-7b-rank-8-221,177,1,17.256378412246704,17.25614619255066,3.0,161068,552,0,2,24866,1,590,1,2000,3,1
422,dummy-lora-7b-rank-8-222,775,29,18.786134958267212,17.25393795967102,3.0,3,553,0,2,25772,1,522,1,2000,2,1
423,dummy-lora-7b-rank-8-215,120,3,19.050662517547607,19.00258493423462,3.0,161070,554,0,2,24866,1,590,1,2000,30,2
424,dummy-lora-7b-rank-8-223,1770,32,19.021835803985596,17.251502752304077,3.0,161072,555,0,2,24866,1,590,1,2000,1,1
425,dummy-lora-7b-rank-8-219,74,1,17.251370191574097,17.250969886779785,3.0,161067,556,0,2,24866,1,590,1,2000,3,1
426,dummy-lora-7b-rank-8-187,845,5,17.36018967628479,17.249967575073242,3.0,161047,557,0,2,24866,1,590,1,2000,4,2
427,dummy-lora-7b-rank-8-115,473,2,17.278315782546997,17.24937391281128,3.0,43233,558,0,2,24866,1,590,1,2000,1,1
428,dummy-lora-7b-rank-8-115,506,3,17.301833629608154,17.24595808982849,3.0,43233,560,0,2,24866,1,590,1,2000,1,1
429,dummy-lora-7b-rank-8-224,41,1,17.24476170539856,17.244553089141846,3.0,161065,561,0,2,24866,1,590,1,2000,5,2
430,dummy-lora-7b-rank-8-187,362,3,18.614506721496582,18.559704780578613,3.0,161071,563,0,2,24866,1,590,1,2000,4,4
431,dummy-lora-7b-rank-8-215,120,3,19.03815531730652,18.99005365371704,3.0,161070,565,0,2,24866,1,590,1,2000,30,3
432,dummy-lora-7b-rank-8-215,120,3,19.0368709564209,18.988805770874023,3.0,161070,566,0,2,24866,1,590,1,2000,30,4
433,dummy-lora-7b-rank-8-151,456,2,17.2679762840271,17.23907494544983,3.0,161058,567,0,2,24866,1,590,1,2000,4,2
434,dummy-lora-7b-rank-8-162,890,10,17.482569694519043,17.237464427947998,3.0,156467,568,0,2,24866,1,590,1,2000,2,2
435,dummy-lora-7b-rank-8-138,1544,9,17.45441436767578,17.236767530441284,3.0,161020,569,0,2,24866,1,590,1,2000,2,2
436,dummy-lora-7b-rank-8-224,49,1,17.891716718673706,17.8913152217865,3.0,161065,575,0,2,24866,1,590,1,2000,5,1
437,dummy-lora-7b-rank-8-221,62,1,17.853665113449097,17.853464603424072,3.0,161068,577,0,2,24866,1,590,1,2000,3,2
438,dummy-lora-7b-rank-8-180,936,9,18.07883095741272,17.852097749710083,3.0,161048,578,0,2,24866,1,590,1,2000,4,2
439,dummy-lora-7b-rank-8-26,889,6,17.99318528175354,17.84768056869507,3.0,160999,582,0,2,24866,1,590,1,2000,7,5
440,dummy-lora-7b-rank-8-225,176,9,18.068466663360596,17.841959953308105,3.0,29137,587,0,2,4476,1,400,1,2000,1,1
441,dummy-lora-7b-rank-8-226,294,14,18.576900959014893,17.839922428131104,3.0,29135,589,0,2,4476,1,400,1,2000,1,1
442,dummy-lora-7b-rank-8-227,188,23,18.9742169380188,17.838920831680298,3.0,29134,590,0,2,4476,1,400,1,2000,1,1
443,dummy-lora-7b-rank-8-209,418,5,17.956612825393677,17.837786436080933,3.0,149752,591,0,2,45254,1,733,1,2000,3,2
444,dummy-lora-7b-rank-8-228,791,5,17.955470085144043,17.836663961410522,3.0,40673,592,0,2,18182,1,501,1,2000,2,2
445,dummy-lora-7b-rank-8-229,513,8,18.03472876548767,17.835620403289795,3.0,53554,593,0,2,9357,1,345,1,2000,1,1
446,dummy-lora-7b-rank-8-230,130,5,17.95354437828064,17.834495782852173,3.0,53762,594,0,2,9357,1,345,1,2000,2,1
447,dummy-lora-7b-rank-8-195,426,6,17.978933811187744,17.832959413528442,3.0,53546,595,0,2,12115,1,177,1,2000,1,1
448,dummy-lora-7b-rank-8-137,420,6,17.973512172698975,17.828009128570557,3.0,53551,600,0,2,12115,1,177,1,2000,1,1
449,dummy-lora-7b-rank-8-198,645,8,18.665432453155518,18.477153062820435,3.0,53556,605,0,2,12115,1,177,1,2000,1,1
450,dummy-lora-7b-rank-8-231,190,12,18.92471432685852,18.471461057662964,3.0,29138,610,0,2,4476,1,400,1,2000,1,1
451,dummy-lora-7b-rank-8-85,301,1,18.469407558441162,18.469238996505737,3.0,53188,612,0,2,9818,1,359,1,2000,11,1
452,dummy-lora-7b-rank-8-203,654,5,18.570234060287476,18.46111798286438,3.0,125907,622,0,2,23936,1,634,1,2000,4,2
453,dummy-lora-7b-rank-8-232,155,1,18.460288524627686,18.459970951080322,3.0,125908,623,0,2,23936,1,634,1,2000,3,1
454,dummy-lora-7b-rank-8-233,1305,4,18.54173183441162,18.459503650665283,3.0,4497,624,0,2,62016,1,565,1,2000,2,1
455,dummy-lora-7b-rank-8-17,738,1,18.456183195114136,18.456001043319702,3.0,125897,627,0,2,23936,1,634,1,2000,5,4
456,dummy-lora-7b-rank-8-232,792,1,18.45519995689392,18.454996585845947,3.0,125908,628,0,2,23936,1,634,1,2000,3,2
457,dummy-lora-7b-rank-8-115,329,2,18.905961751937866,18.885452270507812,3.0,43233,630,0,2,24866,1,590,1,2000,1,1
458,dummy-lora-7b-rank-8-234,49,1,18.04149603843689,18.040292978286743,4.0,231808,633,0,2,9357,1,345,1,2000,2,1
459,dummy-lora-7b-rank-8-184,1370,2,18.057751178741455,18.037168264389038,4.0,40671,637,0,2,18182,1,501,1,2000,2,2
460,dummy-lora-7b-rank-8-2,541,6,18.31548762321472,18.18970251083374,4.0,160977,723,0,2,24866,1,590,1,2000,12,5
461,dummy-lora-7b-rank-8-10,414,3,17.453490495681763,17.403076887130737,5.0,149754,801,0,2,45254,1,733,1,2000,3,2
462,dummy-lora-7b-rank-8-7,1041,3,17.546533823013306,17.493858337402344,5.0,156466,852,0,2,30310,1,518,1,2000,2,2
463,dummy-lora-7b-rank-8-0,501,63,17.21006417274475,15.576375007629395,7.0,147742,1134,0,2,39047,1,1325,1,2000,1,1
464,dummy-lora-7b-rank-8-4,694,7,13.582184791564941,13.429824829101562,11.0,53655,1714,0,2,12115,1,177,1,2000,1,1
465,dummy-lora-7b-rank-8-3,546,6,11.720184803009033,11.592417240142822,13.0,53699,1954,0,2,12115,1,177,1,2000,1,1
